angle,dt,moving,births,maxResidualTangent,oldReturnTangentPeak
95,0.01,False,0,0,0
95,0.01,True,0,0,0
95,0.02,False,0,0,0
95,0.02,True,0,0,0
95,0.03333334,False,0,0,0
95,0.03333334,True,0,0,0
135,0.01,False,1,3.776009E-08,17.29378
135,0.01,True,1,1.819914E-06,17.29378
135,0.02,False,1,8.860172E-06,19.79082
135,0.02,True,1,7.00379E-06,19.79082
135,0.03333334,False,1,5.223907E-06,11.81694
135,0.03333334,True,1,7.880227E-06,11.81694
179,0.01,False,2,5.858361E-08,34.70201
179,0.01,True,2,9.748804E-07,34.70201
179,0.02,False,2,3.166974E-08,36.54136
179,0.02,True,2,1.181442E-06,36.54136
179,0.03333334,False,2,5.358581E-06,36.1054
179,0.03333334,True,2,8.214141E-06,36.1054
-135,0.01,False,1,9.1001E-08,17.29382
-135,0.01,True,1,2.155306E-06,17.29382
-135,0.02,False,1,1.195041E-07,19.7908
-135,0.02,True,1,2.228296E-06,19.7908
-135,0.03333334,False,1,2.158615E-09,11.81694
-135,0.03333334,True,1,2.984167E-06,11.81694
855,0.01,False,1,3.776009E-08,17.29378
855,0.01,True,1,1.819914E-06,17.29378
855,0.02,False,1,8.860172E-06,19.79082
855,0.02,True,1,7.00379E-06,19.79082
855,0.03333334,False,1,5.223907E-06,11.81694
855,0.03333334,True,1,7.880227E-06,11.81694
