step,segment_index,vessel_id,flags,start_x,start_y,end_x,end_y,start_angle,angle_delta,a_x,a_y,b_x,b_y,va_x,va_y,vb_x,vb_y,final_substep_start_fraction,final_substep_end_fraction
-1,717,4,4,-3.04313612,-0.5826996,-3.04313612,-0.5826996,0,0,-3.16885042,-0.765556753,-3.07170749,-0.765556753,0,0,0,0,0.5,1
-1,718,4,4,-3.04313612,-0.5826996,-3.04313612,-0.5826996,0,0,-3.07170749,-0.765556753,-2.883136,-0.7369853,0,0,0,0,0.5,1
-1,719,4,4,-3.04313612,-0.5826996,-3.04313612,-0.5826996,0,0,-2.883136,-0.7369853,-2.86599326,-0.6741282,0,0,0,0,0.5,1
-1,720,4,4,-3.04313612,-0.5826996,-3.04313612,-0.5826996,0,0,-2.86599326,-0.6741282,-2.860279,-0.559842467,0,0,0,0,0.5,1
-1,721,4,4,-3.04313612,-0.5826996,-3.04313612,-0.5826996,0,0,-2.860279,-0.559842467,-2.860279,-0.434128165,0,0,0,0,0.5,1
-1,722,4,4,-3.04313612,-0.5826996,-3.04313612,-0.5826996,0,0,-2.860279,-0.434128165,-2.87170744,-0.399842441,0,0,0,0,0.5,1
-1,723,4,4,-3.04313612,-0.5826996,-3.04313612,-0.5826996,0,0,-2.87170744,-0.399842441,-3.09456468,-0.405556738,0,0,0,0,0.5,1
-1,724,4,4,-3.04313612,-0.5826996,-3.04313612,-0.5826996,0,0,-3.09456468,-0.405556738,-3.163136,-0.42269963,0,0,0,0,0.5,1
-1,725,4,4,-3.04313612,-0.5826996,-3.04313612,-0.5826996,0,0,-3.163136,-0.42269963,-3.2145648,-0.416985333,0,0,0,0,0.5,1
-1,726,4,4,-3.04313612,-0.5826996,-3.04313612,-0.5826996,0,0,-3.2145648,-0.416985333,-3.22599316,-0.428413868,0,0,0,0,0.5,1
-1,727,4,4,-3.04313612,-0.5826996,-3.04313612,-0.5826996,0,0,-3.22599316,-0.428413868,-3.2145648,-0.639842451,0,0,0,0,0.5,1
-1,728,4,4,-3.04313612,-0.5826996,-3.04313612,-0.5826996,0,0,-3.2145648,-0.639842451,-3.18599319,-0.754128158,0,0,0,0,0.5,1
-1,729,4,4,-3.04313612,-0.5826996,-3.04313612,-0.5826996,0,0,-3.18599319,-0.754128158,-3.16885042,-0.765556753,0,0,0,0,0.5,1
0,717,4,4,-3.03613615,-0.5826996,-3.02913618,-0.5826996,0,0,-3.15485048,-0.765556753,-3.05770755,-0.765556753,0.699996948,0,0.699996948,0,0.5,1
0,718,4,4,-3.03613615,-0.5826996,-3.02913618,-0.5826996,0,0,-3.05770755,-0.765556753,-2.869136,-0.7369853,0.699996948,0,0.699996948,0,0.5,1
0,719,4,4,-3.03613615,-0.5826996,-3.02913618,-0.5826996,0,0,-2.869136,-0.7369853,-2.85199332,-0.6741282,0.699996948,0,0.699996948,0,0.5,1
0,720,4,4,-3.03613615,-0.5826996,-3.02913618,-0.5826996,0,0,-2.85199332,-0.6741282,-2.84627914,-0.559842467,0.699996948,0,0.699996948,0,0.5,1
0,721,4,4,-3.03613615,-0.5826996,-3.02913618,-0.5826996,0,0,-2.84627914,-0.559842467,-2.84627914,-0.434128165,0.699996948,0,0.699996948,0,0.5,1
0,722,4,4,-3.03613615,-0.5826996,-3.02913618,-0.5826996,0,0,-2.84627914,-0.434128165,-2.8577075,-0.399842441,0.699996948,0,0.699996948,0,0.5,1
0,723,4,4,-3.03613615,-0.5826996,-3.02913618,-0.5826996,0,0,-2.8577075,-0.399842441,-3.08056474,-0.405556738,0.699996948,0,0.699996948,0,0.5,1
0,724,4,4,-3.03613615,-0.5826996,-3.02913618,-0.5826996,0,0,-3.08056474,-0.405556738,-3.149136,-0.42269963,0.699996948,0,0.699996948,0,0.5,1
0,725,4,4,-3.03613615,-0.5826996,-3.02913618,-0.5826996,0,0,-3.149136,-0.42269963,-3.20056486,-0.416985333,0.699996948,0,0.699996948,0,0.5,1
0,726,4,4,-3.03613615,-0.5826996,-3.02913618,-0.5826996,0,0,-3.20056486,-0.416985333,-3.21199322,-0.428413868,0.699996948,0,0.699996948,0,0.5,1
0,727,4,4,-3.03613615,-0.5826996,-3.02913618,-0.5826996,0,0,-3.21199322,-0.428413868,-3.20056486,-0.639842451,0.699996948,0,0.699996948,0,0.5,1
0,728,4,4,-3.03613615,-0.5826996,-3.02913618,-0.5826996,0,0,-3.20056486,-0.639842451,-3.17199326,-0.754128158,0.699996948,0,0.699996948,0,0.5,1
0,729,4,4,-3.03613615,-0.5826996,-3.02913618,-0.5826996,0,0,-3.17199326,-0.754128158,-3.15485048,-0.765556753,0.699996948,0,0.699996948,0,0.5,1
1,717,4,4,-3.02213621,-0.5826996,-3.01513624,-0.5826996,0,0,-3.14085054,-0.765556753,-3.04370761,-0.765556753,0.699996948,0,0.699996948,0,0.5,1
1,718,4,4,-3.02213621,-0.5826996,-3.01513624,-0.5826996,0,0,-3.04370761,-0.765556753,-2.85513616,-0.7369853,0.699996948,0,0.699996948,0,0.5,1
1,719,4,4,-3.02213621,-0.5826996,-3.01513624,-0.5826996,0,0,-2.85513616,-0.7369853,-2.83799338,-0.6741282,0.699996948,0,0.699996948,0,0.5,1
1,720,4,4,-3.02213621,-0.5826996,-3.01513624,-0.5826996,0,0,-2.83799338,-0.6741282,-2.83227921,-0.559842467,0.699996948,0,0.699996948,0,0.5,1
1,721,4,4,-3.02213621,-0.5826996,-3.01513624,-0.5826996,0,0,-2.83227921,-0.559842467,-2.83227921,-0.434128165,0.699996948,0,0.699996948,0,0.5,1
1,722,4,4,-3.02213621,-0.5826996,-3.01513624,-0.5826996,0,0,-2.83227921,-0.434128165,-2.84370756,-0.399842441,0.699996948,0,0.699996948,0,0.5,1
1,723,4,4,-3.02213621,-0.5826996,-3.01513624,-0.5826996,0,0,-2.84370756,-0.399842441,-3.0665648,-0.405556738,0.699996948,0,0.699996948,0,0.5,1
1,724,4,4,-3.02213621,-0.5826996,-3.01513624,-0.5826996,0,0,-3.0665648,-0.405556738,-3.13513613,-0.42269963,0.699996948,0,0.699996948,0,0.5,1
1,725,4,4,-3.02213621,-0.5826996,-3.01513624,-0.5826996,0,0,-3.13513613,-0.42269963,-3.186565,-0.416985333,0.699996948,0,0.699996948,0,0.5,1
1,726,4,4,-3.02213621,-0.5826996,-3.01513624,-0.5826996,0,0,-3.186565,-0.416985333,-3.19799328,-0.428413868,0.699996948,0,0.699996948,0,0.5,1
1,727,4,4,-3.02213621,-0.5826996,-3.01513624,-0.5826996,0,0,-3.19799328,-0.428413868,-3.186565,-0.639842451,0.699996948,0,0.699996948,0,0.5,1
1,728,4,4,-3.02213621,-0.5826996,-3.01513624,-0.5826996,0,0,-3.186565,-0.639842451,-3.15799332,-0.754128158,0.699996948,0,0.699996948,0,0.5,1
1,729,4,4,-3.02213621,-0.5826996,-3.01513624,-0.5826996,0,0,-3.15799332,-0.754128158,-3.14085054,-0.765556753,0.699996948,0,0.699996948,0,0.5,1
2,717,4,4,-3.00813627,-0.5826996,-3.0011363,-0.5826996,0,0,-3.12685061,-0.765556753,-3.02970767,-0.765556753,0.699996948,0,0.699996948,0,0.5,1
2,718,4,4,-3.00813627,-0.5826996,-3.0011363,-0.5826996,0,0,-3.02970767,-0.765556753,-2.84113622,-0.7369853,0.699996948,0,0.699996948,0,0.5,1
2,719,4,4,-3.00813627,-0.5826996,-3.0011363,-0.5826996,0,0,-2.84113622,-0.7369853,-2.82399344,-0.6741282,0.699996948,0,0.699996948,0,0.5,1
2,720,4,4,-3.00813627,-0.5826996,-3.0011363,-0.5826996,0,0,-2.82399344,-0.6741282,-2.81827927,-0.559842467,0.699996948,0,0.699996948,0,0.5,1
2,721,4,4,-3.00813627,-0.5826996,-3.0011363,-0.5826996,0,0,-2.81827927,-0.559842467,-2.81827927,-0.434128165,0.699996948,0,0.699996948,0,0.5,1
2,722,4,4,-3.00813627,-0.5826996,-3.0011363,-0.5826996,0,0,-2.81827927,-0.434128165,-2.82970762,-0.399842441,0.699996948,0,0.699996948,0,0.5,1
2,723,4,4,-3.00813627,-0.5826996,-3.0011363,-0.5826996,0,0,-2.82970762,-0.399842441,-3.05256486,-0.405556738,0.699996948,0,0.699996948,0,0.5,1
2,724,4,4,-3.00813627,-0.5826996,-3.0011363,-0.5826996,0,0,-3.05256486,-0.405556738,-3.12113619,-0.42269963,0.699996948,0,0.699996948,0,0.5,1
2,725,4,4,-3.00813627,-0.5826996,-3.0011363,-0.5826996,0,0,-3.12113619,-0.42269963,-3.172565,-0.416985333,0.699996948,0,0.699996948,0,0.5,1
2,726,4,4,-3.00813627,-0.5826996,-3.0011363,-0.5826996,0,0,-3.172565,-0.416985333,-3.18399334,-0.428413868,0.699996948,0,0.699996948,0,0.5,1
2,727,4,4,-3.00813627,-0.5826996,-3.0011363,-0.5826996,0,0,-3.18399334,-0.428413868,-3.172565,-0.639842451,0.699996948,0,0.699996948,0,0.5,1
2,728,4,4,-3.00813627,-0.5826996,-3.0011363,-0.5826996,0,0,-3.172565,-0.639842451,-3.14399338,-0.754128158,0.699996948,0,0.699996948,0,0.5,1
2,729,4,4,-3.00813627,-0.5826996,-3.0011363,-0.5826996,0,0,-3.14399338,-0.754128158,-3.12685061,-0.765556753,0.699996948,0,0.699996948,0,0.5,1
3,717,4,4,-2.99413633,-0.5826996,-2.98713636,-0.5826996,0,0,-3.11285067,-0.765556753,-3.01570773,-0.765556753,0.699996948,0,0.699996948,0,0.5,1
3,718,4,4,-2.99413633,-0.5826996,-2.98713636,-0.5826996,0,0,-3.01570773,-0.765556753,-2.82713628,-0.7369853,0.699996948,0,0.699996948,0,0.5,1
3,719,4,4,-2.99413633,-0.5826996,-2.98713636,-0.5826996,0,0,-2.82713628,-0.7369853,-2.80999351,-0.6741282,0.699996948,0,0.699996948,0,0.5,1
3,720,4,4,-2.99413633,-0.5826996,-2.98713636,-0.5826996,0,0,-2.80999351,-0.6741282,-2.80427933,-0.559842467,0.699996948,0,0.699996948,0,0.5,1
3,721,4,4,-2.99413633,-0.5826996,-2.98713636,-0.5826996,0,0,-2.80427933,-0.559842467,-2.80427933,-0.434128165,0.699996948,0,0.699996948,0,0.5,1
3,722,4,4,-2.99413633,-0.5826996,-2.98713636,-0.5826996,0,0,-2.80427933,-0.434128165,-2.81570768,-0.399842441,0.699996948,0,0.699996948,0,0.5,1
3,723,4,4,-2.99413633,-0.5826996,-2.98713636,-0.5826996,0,0,-2.81570768,-0.399842441,-3.038565,-0.405556738,0.699996948,0,0.699996948,0,0.5,1
3,724,4,4,-2.99413633,-0.5826996,-2.98713636,-0.5826996,0,0,-3.038565,-0.405556738,-3.10713625,-0.42269963,0.699996948,0,0.699996948,0,0.5,1
3,725,4,4,-2.99413633,-0.5826996,-2.98713636,-0.5826996,0,0,-3.10713625,-0.42269963,-3.158565,-0.416985333,0.699996948,0,0.699996948,0,0.5,1
3,726,4,4,-2.99413633,-0.5826996,-2.98713636,-0.5826996,0,0,-3.158565,-0.416985333,-3.1699934,-0.428413868,0.699996948,0,0.699996948,0,0.5,1
3,727,4,4,-2.99413633,-0.5826996,-2.98713636,-0.5826996,0,0,-3.1699934,-0.428413868,-3.158565,-0.639842451,0.699996948,0,0.699996948,0,0.5,1
3,728,4,4,-2.99413633,-0.5826996,-2.98713636,-0.5826996,0,0,-3.158565,-0.639842451,-3.12999344,-0.754128158,0.699996948,0,0.699996948,0,0.5,1
3,729,4,4,-2.99413633,-0.5826996,-2.98713636,-0.5826996,0,0,-3.12999344,-0.754128158,-3.11285067,-0.765556753,0.699996948,0,0.699996948,0,0.5,1
4,717,4,4,-2.98013639,-0.5826996,-2.97313643,-0.5826996,0,0,-3.09885073,-0.765556753,-3.00170779,-0.765556753,0.699996948,0,0.699996948,0,0.5,1
4,718,4,4,-2.98013639,-0.5826996,-2.97313643,-0.5826996,0,0,-3.00170779,-0.765556753,-2.81313634,-0.7369853,0.699996948,0,0.699996948,0,0.5,1
4,719,4,4,-2.98013639,-0.5826996,-2.97313643,-0.5826996,0,0,-2.81313634,-0.7369853,-2.79599357,-0.6741282,0.699996948,0,0.699996948,0,0.5,1
4,720,4,4,-2.98013639,-0.5826996,-2.97313643,-0.5826996,0,0,-2.79599357,-0.6741282,-2.79027939,-0.559842467,0.699996948,0,0.699996948,0,0.5,1
4,721,4,4,-2.98013639,-0.5826996,-2.97313643,-0.5826996,0,0,-2.79027939,-0.559842467,-2.79027939,-0.434128165,0.699996948,0,0.699996948,0,0.5,1
4,722,4,4,-2.98013639,-0.5826996,-2.97313643,-0.5826996,0,0,-2.79027939,-0.434128165,-2.80170774,-0.399842441,0.699996948,0,0.699996948,0,0.5,1
4,723,4,4,-2.98013639,-0.5826996,-2.97313643,-0.5826996,0,0,-2.80170774,-0.399842441,-3.024565,-0.405556738,0.699996948,0,0.699996948,0,0.5,1
4,724,4,4,-2.98013639,-0.5826996,-2.97313643,-0.5826996,0,0,-3.024565,-0.405556738,-3.09313631,-0.42269963,0.699996948,0,0.699996948,0,0.5,1
4,725,4,4,-2.98013639,-0.5826996,-2.97313643,-0.5826996,0,0,-3.09313631,-0.42269963,-3.144565,-0.416985333,0.699996948,0,0.699996948,0,0.5,1
4,726,4,4,-2.98013639,-0.5826996,-2.97313643,-0.5826996,0,0,-3.144565,-0.416985333,-3.15599346,-0.428413868,0.699996948,0,0.699996948,0,0.5,1
4,727,4,4,-2.98013639,-0.5826996,-2.97313643,-0.5826996,0,0,-3.15599346,-0.428413868,-3.144565,-0.639842451,0.699996948,0,0.699996948,0,0.5,1
4,728,4,4,-2.98013639,-0.5826996,-2.97313643,-0.5826996,0,0,-3.144565,-0.639842451,-3.1159935,-0.754128158,0.699996948,0,0.699996948,0,0.5,1
4,729,4,4,-2.98013639,-0.5826996,-2.97313643,-0.5826996,0,0,-3.1159935,-0.754128158,-3.09885073,-0.765556753,0.699996948,0,0.699996948,0,0.5,1
5,717,4,4,-2.96613646,-0.5826996,-2.95913649,-0.5826996,0,0,-3.08485079,-0.765556753,-2.98770785,-0.765556753,0.699996948,0,0.699996948,0,0.5,1
5,718,4,4,-2.96613646,-0.5826996,-2.95913649,-0.5826996,0,0,-2.98770785,-0.765556753,-2.7991364,-0.7369853,0.699996948,0,0.699996948,0,0.5,1
5,719,4,4,-2.96613646,-0.5826996,-2.95913649,-0.5826996,0,0,-2.7991364,-0.7369853,-2.78199363,-0.6741282,0.699996948,0,0.699996948,0,0.5,1
5,720,4,4,-2.96613646,-0.5826996,-2.95913649,-0.5826996,0,0,-2.78199363,-0.6741282,-2.77627945,-0.559842467,0.699996948,0,0.699996948,0,0.5,1
5,721,4,4,-2.96613646,-0.5826996,-2.95913649,-0.5826996,0,0,-2.77627945,-0.559842467,-2.77627945,-0.434128165,0.699996948,0,0.699996948,0,0.5,1
5,722,4,4,-2.96613646,-0.5826996,-2.95913649,-0.5826996,0,0,-2.77627945,-0.434128165,-2.78770781,-0.399842441,0.699996948,0,0.699996948,0,0.5,1
5,723,4,4,-2.96613646,-0.5826996,-2.95913649,-0.5826996,0,0,-2.78770781,-0.399842441,-3.010565,-0.405556738,0.699996948,0,0.699996948,0,0.5,1
5,724,4,4,-2.96613646,-0.5826996,-2.95913649,-0.5826996,0,0,-3.010565,-0.405556738,-3.07913637,-0.42269963,0.699996948,0,0.699996948,0,0.5,1
5,725,4,4,-2.96613646,-0.5826996,-2.95913649,-0.5826996,0,0,-3.07913637,-0.42269963,-3.13056517,-0.416985333,0.699996948,0,0.699996948,0,0.5,1
5,726,4,4,-2.96613646,-0.5826996,-2.95913649,-0.5826996,0,0,-3.13056517,-0.416985333,-3.14199352,-0.428413868,0.699996948,0,0.699996948,0,0.5,1
5,727,4,4,-2.96613646,-0.5826996,-2.95913649,-0.5826996,0,0,-3.14199352,-0.428413868,-3.13056517,-0.639842451,0.699996948,0,0.699996948,0,0.5,1
5,728,4,4,-2.96613646,-0.5826996,-2.95913649,-0.5826996,0,0,-3.13056517,-0.639842451,-3.10199356,-0.754128158,0.699996948,0,0.699996948,0,0.5,1
5,729,4,4,-2.96613646,-0.5826996,-2.95913649,-0.5826996,0,0,-3.10199356,-0.754128158,-3.08485079,-0.765556753,0.699996948,0,0.699996948,0,0.5,1
6,717,4,4,-2.95213652,-0.5826996,-2.94513655,-0.5826996,0,0,-3.07085085,-0.765556753,-2.973708,-0.765556753,0.699996948,0,0.699996948,0,0.5,1
6,718,4,4,-2.95213652,-0.5826996,-2.94513655,-0.5826996,0,0,-2.973708,-0.765556753,-2.78513646,-0.7369853,0.699996948,0,0.699996948,0,0.5,1
6,719,4,4,-2.95213652,-0.5826996,-2.94513655,-0.5826996,0,0,-2.78513646,-0.7369853,-2.76799369,-0.6741282,0.699996948,0,0.699996948,0,0.5,1
6,720,4,4,-2.95213652,-0.5826996,-2.94513655,-0.5826996,0,0,-2.76799369,-0.6741282,-2.76227951,-0.559842467,0.699996948,0,0.699996948,0,0.5,1
6,721,4,4,-2.95213652,-0.5826996,-2.94513655,-0.5826996,0,0,-2.76227951,-0.559842467,-2.76227951,-0.434128165,0.699996948,0,0.699996948,0,0.5,1
6,722,4,4,-2.95213652,-0.5826996,-2.94513655,-0.5826996,0,0,-2.76227951,-0.434128165,-2.77370787,-0.399842441,0.699996948,0,0.699996948,0,0.5,1
6,723,4,4,-2.95213652,-0.5826996,-2.94513655,-0.5826996,0,0,-2.77370787,-0.399842441,-2.996565,-0.405556738,0.699996948,0,0.699996948,0,0.5,1
6,724,4,4,-2.95213652,-0.5826996,-2.94513655,-0.5826996,0,0,-2.996565,-0.405556738,-3.06513643,-0.42269963,0.699996948,0,0.699996948,0,0.5,1
6,725,4,4,-2.95213652,-0.5826996,-2.94513655,-0.5826996,0,0,-3.06513643,-0.42269963,-3.11656523,-0.416985333,0.699996948,0,0.699996948,0,0.5,1
6,726,4,4,-2.95213652,-0.5826996,-2.94513655,-0.5826996,0,0,-3.11656523,-0.416985333,-3.12799358,-0.428413868,0.699996948,0,0.699996948,0,0.5,1
6,727,4,4,-2.95213652,-0.5826996,-2.94513655,-0.5826996,0,0,-3.12799358,-0.428413868,-3.11656523,-0.639842451,0.699996948,0,0.699996948,0,0.5,1
6,728,4,4,-2.95213652,-0.5826996,-2.94513655,-0.5826996,0,0,-3.11656523,-0.639842451,-3.08799362,-0.754128158,0.699996948,0,0.699996948,0,0.5,1
6,729,4,4,-2.95213652,-0.5826996,-2.94513655,-0.5826996,0,0,-3.08799362,-0.754128158,-3.07085085,-0.765556753,0.699996948,0,0.699996948,0,0.5,1
7,717,4,4,-2.93813658,-0.5826996,-2.93113661,-0.5826996,0,0,-3.056851,-0.765556753,-2.959708,-0.765556753,0.699996948,0,0.699996948,0,0.5,1
7,718,4,4,-2.93813658,-0.5826996,-2.93113661,-0.5826996,0,0,-2.959708,-0.765556753,-2.77113652,-0.7369853,0.699996948,0,0.699996948,0,0.5,1
7,719,4,4,-2.93813658,-0.5826996,-2.93113661,-0.5826996,0,0,-2.77113652,-0.7369853,-2.75399375,-0.6741282,0.699996948,0,0.699996948,0,0.5,1
7,720,4,4,-2.93813658,-0.5826996,-2.93113661,-0.5826996,0,0,-2.75399375,-0.6741282,-2.74827957,-0.559842467,0.699996948,0,0.699996948,0,0.5,1
7,721,4,4,-2.93813658,-0.5826996,-2.93113661,-0.5826996,0,0,-2.74827957,-0.559842467,-2.74827957,-0.434128165,0.699996948,0,0.699996948,0,0.5,1
7,722,4,4,-2.93813658,-0.5826996,-2.93113661,-0.5826996,0,0,-2.74827957,-0.434128165,-2.759708,-0.399842441,0.699996948,0,0.699996948,0,0.5,1
7,723,4,4,-2.93813658,-0.5826996,-2.93113661,-0.5826996,0,0,-2.759708,-0.399842441,-2.98256516,-0.405556738,0.699996948,0,0.699996948,0,0.5,1
7,724,4,4,-2.93813658,-0.5826996,-2.93113661,-0.5826996,0,0,-2.98256516,-0.405556738,-3.05113649,-0.42269963,0.699996948,0,0.699996948,0,0.5,1
7,725,4,4,-2.93813658,-0.5826996,-2.93113661,-0.5826996,0,0,-3.05113649,-0.42269963,-3.10256529,-0.416985333,0.699996948,0,0.699996948,0,0.5,1
7,726,4,4,-2.93813658,-0.5826996,-2.93113661,-0.5826996,0,0,-3.10256529,-0.416985333,-3.11399364,-0.428413868,0.699996948,0,0.699996948,0,0.5,1
7,727,4,4,-2.93813658,-0.5826996,-2.93113661,-0.5826996,0,0,-3.11399364,-0.428413868,-3.10256529,-0.639842451,0.699996948,0,0.699996948,0,0.5,1
7,728,4,4,-2.93813658,-0.5826996,-2.93113661,-0.5826996,0,0,-3.10256529,-0.639842451,-3.07399368,-0.754128158,0.699996948,0,0.699996948,0,0.5,1
7,729,4,4,-2.93813658,-0.5826996,-2.93113661,-0.5826996,0,0,-3.07399368,-0.754128158,-3.056851,-0.765556753,0.699996948,0,0.699996948,0,0.5,1
8,717,4,4,-2.92413664,-0.5826996,-2.91713667,-0.5826996,0,0,-3.042851,-0.765556753,-2.945708,-0.765556753,0.699996948,0,0.699996948,0,0.5,1
8,718,4,4,-2.92413664,-0.5826996,-2.91713667,-0.5826996,0,0,-2.945708,-0.765556753,-2.75713658,-0.7369853,0.699996948,0,0.699996948,0,0.5,1
8,719,4,4,-2.92413664,-0.5826996,-2.91713667,-0.5826996,0,0,-2.75713658,-0.7369853,-2.73999381,-0.6741282,0.699996948,0,0.699996948,0,0.5,1
8,720,4,4,-2.92413664,-0.5826996,-2.91713667,-0.5826996,0,0,-2.73999381,-0.6741282,-2.73427963,-0.559842467,0.699996948,0,0.699996948,0,0.5,1
8,721,4,4,-2.92413664,-0.5826996,-2.91713667,-0.5826996,0,0,-2.73427963,-0.559842467,-2.73427963,-0.434128165,0.699996948,0,0.699996948,0,0.5,1
8,722,4,4,-2.92413664,-0.5826996,-2.91713667,-0.5826996,0,0,-2.73427963,-0.434128165,-2.745708,-0.399842441,0.699996948,0,0.699996948,0,0.5,1
8,723,4,4,-2.92413664,-0.5826996,-2.91713667,-0.5826996,0,0,-2.745708,-0.399842441,-2.96856523,-0.405556738,0.699996948,0,0.699996948,0,0.5,1
8,724,4,4,-2.92413664,-0.5826996,-2.91713667,-0.5826996,0,0,-2.96856523,-0.405556738,-3.03713655,-0.42269963,0.699996948,0,0.699996948,0,0.5,1
8,725,4,4,-2.92413664,-0.5826996,-2.91713667,-0.5826996,0,0,-3.03713655,-0.42269963,-3.08856535,-0.416985333,0.699996948,0,0.699996948,0,0.5,1
8,726,4,4,-2.92413664,-0.5826996,-2.91713667,-0.5826996,0,0,-3.08856535,-0.416985333,-3.09999371,-0.428413868,0.699996948,0,0.699996948,0,0.5,1
8,727,4,4,-2.92413664,-0.5826996,-2.91713667,-0.5826996,0,0,-3.09999371,-0.428413868,-3.08856535,-0.639842451,0.699996948,0,0.699996948,0,0.5,1
8,728,4,4,-2.92413664,-0.5826996,-2.91713667,-0.5826996,0,0,-3.08856535,-0.639842451,-3.05999374,-0.754128158,0.699996948,0,0.699996948,0,0.5,1
8,729,4,4,-2.92413664,-0.5826996,-2.91713667,-0.5826996,0,0,-3.05999374,-0.754128158,-3.042851,-0.765556753,0.699996948,0,0.699996948,0,0.5,1
9,717,4,4,-2.9101367,-0.5826996,-2.90313673,-0.5826996,0,0,-3.028851,-0.765556753,-2.931708,-0.765556753,0.699996948,0,0.699996948,0,0.5,1
9,718,4,4,-2.9101367,-0.5826996,-2.90313673,-0.5826996,0,0,-2.931708,-0.765556753,-2.74313664,-0.7369853,0.699996948,0,0.699996948,0,0.5,1
9,719,4,4,-2.9101367,-0.5826996,-2.90313673,-0.5826996,0,0,-2.74313664,-0.7369853,-2.72599387,-0.6741282,0.699996948,0,0.699996948,0,0.5,1
9,720,4,4,-2.9101367,-0.5826996,-2.90313673,-0.5826996,0,0,-2.72599387,-0.6741282,-2.72027969,-0.559842467,0.699996948,0,0.699996948,0,0.5,1
9,721,4,4,-2.9101367,-0.5826996,-2.90313673,-0.5826996,0,0,-2.72027969,-0.559842467,-2.72027969,-0.434128165,0.699996948,0,0.699996948,0,0.5,1
9,722,4,4,-2.9101367,-0.5826996,-2.90313673,-0.5826996,0,0,-2.72027969,-0.434128165,-2.731708,-0.399842441,0.699996948,0,0.699996948,0,0.5,1
9,723,4,4,-2.9101367,-0.5826996,-2.90313673,-0.5826996,0,0,-2.731708,-0.399842441,-2.95456529,-0.405556738,0.699996948,0,0.699996948,0,0.5,1
9,724,4,4,-2.9101367,-0.5826996,-2.90313673,-0.5826996,0,0,-2.95456529,-0.405556738,-3.02313662,-0.42269963,0.699996948,0,0.699996948,0,0.5,1
9,725,4,4,-2.9101367,-0.5826996,-2.90313673,-0.5826996,0,0,-3.02313662,-0.42269963,-3.07456541,-0.416985333,0.699996948,0,0.699996948,0,0.5,1
9,726,4,4,-2.9101367,-0.5826996,-2.90313673,-0.5826996,0,0,-3.07456541,-0.416985333,-3.08599377,-0.428413868,0.699996948,0,0.699996948,0,0.5,1
9,727,4,4,-2.9101367,-0.5826996,-2.90313673,-0.5826996,0,0,-3.08599377,-0.428413868,-3.07456541,-0.639842451,0.699996948,0,0.699996948,0,0.5,1
9,728,4,4,-2.9101367,-0.5826996,-2.90313673,-0.5826996,0,0,-3.07456541,-0.639842451,-3.0459938,-0.754128158,0.699996948,0,0.699996948,0,0.5,1
9,729,4,4,-2.9101367,-0.5826996,-2.90313673,-0.5826996,0,0,-3.0459938,-0.754128158,-3.028851,-0.765556753,0.699996948,0,0.699996948,0,0.5,1
