mode,scenario,scenario_time,body,rigidbody_x,rigidbody_y,transform_x,transform_y,position_error,is_held,body_type
ACurrent,Pour,2.419998,Bottle_item_1003,-18,10,-18,10,0,True,Kinematic
ACurrent,Pour,2.419998,Bottle_item_1001,-18,10,-18,10,0,True,Kinematic
ACurrent,Pour,2.419998,Glass_highball,0,-0.4,0,-0.4,0,False,Kinematic
ACurrent,Pour,2.419998,Spoon,-18,10,-18,10,0,True,Kinematic
ACurrent,Pour,2.419998,Glass_hurricane,-18,10,-18,10,0,True,Kinematic
ACurrent,Pour,2.419998,Bottle_item_1002,0,3.5,0,3.5,0,True,Kinematic
ACurrent,Pour,2.419998,IceBucket,-18,10,-18,10,0,True,Kinematic
ACurrent,Pour,2.419998,Shaker,-18,10,-18,10,0,True,Kinematic
ACurrent,Pour,2.419998,Jigger,-18,10,-18,10,0,True,Kinematic
ACurrent,Stir,0.419999778,Bottle_item_1003,-18,10,-18,10,0,True,Kinematic
ACurrent,Stir,0.419999778,Bottle_item_1001,-18,10,-18,10,0,True,Kinematic
ACurrent,Stir,0.419999778,Glass_highball,0,-0.4,0,-0.4,0,False,Kinematic
ACurrent,Stir,0.419999778,Spoon,0.266585231,0.7698798,0.266585231,0.7698798,0,False,Kinematic
ACurrent,Stir,0.419999778,Glass_hurricane,-18,10,-18,10,0,True,Kinematic
ACurrent,Stir,0.419999778,Bottle_item_1002,-18,10,-18,10,0,True,Kinematic
ACurrent,Stir,0.419999778,IceBucket,-18,10,-18,10,0,True,Kinematic
ACurrent,Stir,0.419999778,Shaker,-18,10,-18,10,0,True,Kinematic
ACurrent,Stir,0.419999778,Jigger,-18,10,-18,10,0,True,Kinematic
ACurrent,Stir,1.359999,Bottle_item_1003,-18,10,-18,10,0,True,Kinematic
ACurrent,Stir,1.359999,Bottle_item_1001,-18,10,-18,10,0,True,Kinematic
ACurrent,Stir,1.359999,Glass_highball,0,-0.4,0,-0.4,0,False,Kinematic
ACurrent,Stir,1.359999,Spoon,-0.225852489,0.814425051,-0.225852489,0.814425051,0,False,Kinematic
ACurrent,Stir,1.359999,Glass_hurricane,-18,10,-18,10,0,True,Kinematic
ACurrent,Stir,1.359999,Bottle_item_1002,-18,10,-18,10,0,True,Kinematic
ACurrent,Stir,1.359999,IceBucket,-18,10,-18,10,0,True,Kinematic
ACurrent,Stir,1.359999,Shaker,-18,10,-18,10,0,True,Kinematic
ACurrent,Stir,1.359999,Jigger,-18,10,-18,10,0,True,Kinematic
BReferencePhysics,Pour,2.419998,Bottle_item_1003,-18,10,-18,10,0,True,Kinematic
BReferencePhysics,Pour,2.419998,Bottle_item_1001,-18,10,-18,10,0,True,Kinematic
BReferencePhysics,Pour,2.419998,Glass_highball,0,-0.4,0,-0.4,0,False,Kinematic
BReferencePhysics,Pour,2.419998,Spoon,-18,10,-18,10,0,True,Kinematic
BReferencePhysics,Pour,2.419998,Glass_hurricane,-18,10,-18,10,0,True,Kinematic
BReferencePhysics,Pour,2.419998,Bottle_item_1002,0,3.5,0,3.5,0,True,Kinematic
BReferencePhysics,Pour,2.419998,IceBucket,-18,10,-18,10,0,True,Kinematic
BReferencePhysics,Pour,2.419998,Shaker,-18,10,-18,10,0,True,Kinematic
BReferencePhysics,Pour,2.419998,Jigger,-18,10,-18,10,0,True,Kinematic
BReferencePhysics,Stir,0.419999778,Bottle_item_1003,-18,10,-18,10,0,True,Kinematic
BReferencePhysics,Stir,0.419999778,Bottle_item_1001,-18,10,-18,10,0,True,Kinematic
BReferencePhysics,Stir,0.419999778,Glass_highball,0,-0.4,0,-0.4,0,False,Kinematic
BReferencePhysics,Stir,0.419999778,Spoon,0.266585231,0.7698798,0.266585231,0.769879758,5.96046448E-08,False,Kinematic
BReferencePhysics,Stir,0.419999778,Glass_hurricane,-18,10,-18,10,0,True,Kinematic
BReferencePhysics,Stir,0.419999778,Bottle_item_1002,-18,10,-18,10,0,True,Kinematic
BReferencePhysics,Stir,0.419999778,IceBucket,-18,10,-18,10,0,True,Kinematic
BReferencePhysics,Stir,0.419999778,Shaker,-18,10,-18,10,0,True,Kinematic
BReferencePhysics,Stir,0.419999778,Jigger,-18,10,-18,10,0,True,Kinematic
BReferencePhysics,Stir,1.359999,Bottle_item_1003,-18,10,-18,10,0,True,Kinematic
BReferencePhysics,Stir,1.359999,Bottle_item_1001,-18,10,-18,10,0,True,Kinematic
BReferencePhysics,Stir,1.359999,Glass_highball,0,-0.4,0,-0.4,0,False,Kinematic
BReferencePhysics,Stir,1.359999,Spoon,-0.225852489,0.814425051,-0.225852489,0.814425051,0,False,Kinematic
BReferencePhysics,Stir,1.359999,Glass_hurricane,-18,10,-18,10,0,True,Kinematic
BReferencePhysics,Stir,1.359999,Bottle_item_1002,-18,10,-18,10,0,True,Kinematic
BReferencePhysics,Stir,1.359999,IceBucket,-18,10,-18,10,0,True,Kinematic
BReferencePhysics,Stir,1.359999,Shaker,-18,10,-18,10,0,True,Kinematic
BReferencePhysics,Stir,1.359999,Jigger,-18,10,-18,10,0,True,Kinematic
CReferenceSurface,Pour,2.419998,Bottle_item_1003,-18,10,-18,10,0,True,Kinematic
CReferenceSurface,Pour,2.419998,Bottle_item_1001,-18,10,-18,10,0,True,Kinematic
CReferenceSurface,Pour,2.419998,Glass_highball,0,-0.4,0,-0.4,0,False,Kinematic
CReferenceSurface,Pour,2.419998,Spoon,-18,10,-18,10,0,True,Kinematic
CReferenceSurface,Pour,2.419998,Glass_hurricane,-18,10,-18,10,0,True,Kinematic
CReferenceSurface,Pour,2.419998,Bottle_item_1002,0,3.5,0,3.49999976,2.38418579E-07,True,Kinematic
CReferenceSurface,Pour,2.419998,IceBucket,-18,10,-18,10,0,True,Kinematic
CReferenceSurface,Pour,2.419998,Shaker,-18,10,-18,10,0,True,Kinematic
CReferenceSurface,Pour,2.419998,Jigger,-18,10,-18,10,0,True,Kinematic
CReferenceSurface,Stir,0.419999778,Bottle_item_1003,-18,10,-18,10,0,True,Kinematic
CReferenceSurface,Stir,0.419999778,Bottle_item_1001,-18,10,-18,10,0,True,Kinematic
CReferenceSurface,Stir,0.419999778,Glass_highball,0,-0.4,0,-0.4,0,False,Kinematic
CReferenceSurface,Stir,0.419999778,Spoon,0.266585231,0.7698798,0.266585231,0.7698798,0,False,Kinematic
CReferenceSurface,Stir,0.419999778,Glass_hurricane,-18,10,-18,10,0,True,Kinematic
CReferenceSurface,Stir,0.419999778,Bottle_item_1002,-18,10,-18,10,0,True,Kinematic
CReferenceSurface,Stir,0.419999778,IceBucket,-18,10,-18,10,0,True,Kinematic
CReferenceSurface,Stir,0.419999778,Shaker,-18,10,-18,10,0,True,Kinematic
CReferenceSurface,Stir,0.419999778,Jigger,-18,10,-18,10,0,True,Kinematic
CReferenceSurface,Stir,1.359999,Bottle_item_1003,-18,10,-18,10.000001,9.536743E-07,True,Kinematic
CReferenceSurface,Stir,1.359999,Bottle_item_1001,-18,10,-18,10.000001,9.536743E-07,True,Kinematic
CReferenceSurface,Stir,1.359999,Glass_highball,0,-0.4,0,-0.4,0,False,Kinematic
CReferenceSurface,Stir,1.359999,Spoon,-0.225852489,0.814425051,-0.2258525,0.814425051,1.49011612E-08,False,Kinematic
CReferenceSurface,Stir,1.359999,Glass_hurricane,-18,10,-18,10.000001,9.536743E-07,True,Kinematic
CReferenceSurface,Stir,1.359999,Bottle_item_1002,-18,10,-18,10.000001,9.536743E-07,True,Kinematic
CReferenceSurface,Stir,1.359999,IceBucket,-18,10,-18,10.000001,9.536743E-07,True,Kinematic
CReferenceSurface,Stir,1.359999,Shaker,-18,10,-18,10.000001,9.536743E-07,True,Kinematic
CReferenceSurface,Stir,1.359999,Jigger,-18,10,-18,10.000001,9.536743E-07,True,Kinematic
DImprovedSurface,Pour,2.419998,Bottle_item_1003,-18,10,-18,10,0,True,Kinematic
DImprovedSurface,Pour,2.419998,Bottle_item_1001,-18,10,-18,10,0,True,Kinematic
DImprovedSurface,Pour,2.419998,Glass_highball,0,-0.4,0,-0.4,0,False,Kinematic
DImprovedSurface,Pour,2.419998,Spoon,-18,10,-18,10,0,True,Kinematic
DImprovedSurface,Pour,2.419998,Glass_hurricane,-18,10,-18,10,0,True,Kinematic
DImprovedSurface,Pour,2.419998,Bottle_item_1002,0,3.5,0,3.50000024,2.38418579E-07,True,Kinematic
DImprovedSurface,Pour,2.419998,IceBucket,-18,10,-18,10,0,True,Kinematic
DImprovedSurface,Pour,2.419998,Shaker,-18,10,-18,10,0,True,Kinematic
DImprovedSurface,Pour,2.419998,Jigger,-18,10,-18,10,0,True,Kinematic
DImprovedSurface,Stir,0.419999778,Bottle_item_1003,-18,10,-18,10,0,True,Kinematic
DImprovedSurface,Stir,0.419999778,Bottle_item_1001,-18,10,-18,10,0,True,Kinematic
DImprovedSurface,Stir,0.419999778,Glass_highball,0,-0.4,0,-0.4,0,False,Kinematic
DImprovedSurface,Stir,0.419999778,Spoon,0.266585231,0.7698798,0.266585231,0.7698798,0,False,Kinematic
DImprovedSurface,Stir,0.419999778,Glass_hurricane,-18,10,-18,10,0,True,Kinematic
DImprovedSurface,Stir,0.419999778,Bottle_item_1002,-18,10,-18,10,0,True,Kinematic
DImprovedSurface,Stir,0.419999778,IceBucket,-18,10,-18,10,0,True,Kinematic
DImprovedSurface,Stir,0.419999778,Shaker,-18,10,-18,10,0,True,Kinematic
DImprovedSurface,Stir,0.419999778,Jigger,-18,10,-18,10,0,True,Kinematic
DImprovedSurface,Stir,1.359999,Bottle_item_1003,-18,10,-18,10,0,True,Kinematic
DImprovedSurface,Stir,1.359999,Bottle_item_1001,-18,10,-18,10,0,True,Kinematic
DImprovedSurface,Stir,1.359999,Glass_highball,0,-0.4,0,-0.4,0,False,Kinematic
DImprovedSurface,Stir,1.359999,Spoon,-0.225852489,0.814425051,-0.225852489,0.8144251,5.96046448E-08,False,Kinematic
DImprovedSurface,Stir,1.359999,Glass_hurricane,-18,10,-18,10,0,True,Kinematic
DImprovedSurface,Stir,1.359999,Bottle_item_1002,-18,10,-18,10,0,True,Kinematic
DImprovedSurface,Stir,1.359999,IceBucket,-18,10,-18,10,0,True,Kinematic
DImprovedSurface,Stir,1.359999,Shaker,-18,10,-18,10,0,True,Kinematic
DImprovedSurface,Stir,1.359999,Jigger,-18,10,-18,10,0,True,Kinematic
ECalibratedLiquid,Pour,2.419998,Bottle_item_1003,-18,10,-18,10,0,True,Kinematic
ECalibratedLiquid,Pour,2.419998,Bottle_item_1001,-18,10,-18,10,0,True,Kinematic
ECalibratedLiquid,Pour,2.419998,Glass_highball,0,-0.4,0,-0.4,0,False,Kinematic
ECalibratedLiquid,Pour,2.419998,Spoon,-18,10,-18,10,0,True,Kinematic
ECalibratedLiquid,Pour,2.419998,Glass_hurricane,-18,10,-18,10,0,True,Kinematic
ECalibratedLiquid,Pour,2.419998,Bottle_item_1002,0,3.5,0,3.5,0,True,Kinematic
ECalibratedLiquid,Pour,2.419998,IceBucket,-18,10,-18,10,0,True,Kinematic
ECalibratedLiquid,Pour,2.419998,Shaker,-18,10,-18,10,0,True,Kinematic
ECalibratedLiquid,Pour,2.419998,Jigger,-18,10,-18,10,0,True,Kinematic
ECalibratedLiquid,Stir,0.419999778,Bottle_item_1003,-18,10,-18,10,0,True,Kinematic
ECalibratedLiquid,Stir,0.419999778,Bottle_item_1001,-18,10,-18,10,0,True,Kinematic
ECalibratedLiquid,Stir,0.419999778,Glass_highball,0,-0.4,0,-0.4,0,False,Kinematic
ECalibratedLiquid,Stir,0.419999778,Spoon,0.266585231,-0.303413451,0.266585231,-0.303413451,0,False,Kinematic
ECalibratedLiquid,Stir,0.419999778,Glass_hurricane,-18,10,-18,10,0,True,Kinematic
ECalibratedLiquid,Stir,0.419999778,Bottle_item_1002,-18,10,-18,10,0,True,Kinematic
ECalibratedLiquid,Stir,0.419999778,IceBucket,-18,10,-18,10,0,True,Kinematic
ECalibratedLiquid,Stir,0.419999778,Shaker,-18,10,-18,10,0,True,Kinematic
ECalibratedLiquid,Stir,0.419999778,Jigger,-18,10,-18,10,0,True,Kinematic
ECalibratedLiquid,Stir,1.359999,Bottle_item_1003,-18,10,-18,10,0,True,Kinematic
ECalibratedLiquid,Stir,1.359999,Bottle_item_1001,-18,10,-18,10,0,True,Kinematic
ECalibratedLiquid,Stir,1.359999,Glass_highball,0,-0.4,0,-0.4,0,False,Kinematic
ECalibratedLiquid,Stir,1.359999,Spoon,-0.225852489,-0.2737166,-0.225852489,-0.2737166,0,False,Kinematic
ECalibratedLiquid,Stir,1.359999,Glass_hurricane,-18,10,-18,10,0,True,Kinematic
ECalibratedLiquid,Stir,1.359999,Bottle_item_1002,-18,10,-18,10,0,True,Kinematic
ECalibratedLiquid,Stir,1.359999,IceBucket,-18,10,-18,10,0,True,Kinematic
ECalibratedLiquid,Stir,1.359999,Shaker,-18,10,-18,10,0,True,Kinematic
ECalibratedLiquid,Stir,1.359999,Jigger,-18,10,-18,10,0,True,Kinematic
