step,index,active,x,y,vx,vy,volume_ml,owner
1,3983,1,-0.261904061,-0.381724,0.250374317,-0.0701555759,0.5,8
1,3984,1,-0.365129,-0.379367352,4.944858,0.7886963,0.5,8
1,3985,1,0.429241,-0.492117375,0.917969346,0.327619344,0.5,8
1,3986,1,0.31296882,-0.491498768,0.7898249,0.3880616,0.5,8
1,3987,1,0.198496714,-0.491234154,0.7685623,0.427678674,0.5,8
1,3988,1,0.0845078453,-0.491447359,0.733384132,0.325324863,0.5,8
1,3989,1,-0.03417902,-0.496544778,0.249886557,-0.173008561,0.5,8
1,3990,1,-0.147635728,-0.496186167,0.2767071,-0.1387091,0.5,8
1,3991,1,-0.259003252,-0.494334936,0.541190565,0.0397586748,0.5,8
1,3992,1,-0.345754325,-0.488635838,5.298154,0.9516812,0.5,8
1,3993,1,0.431631684,-0.604697347,1.16079283,0.453219652,0.5,8
1,3994,1,0.3154923,-0.604022741,1.04624927,0.5198555,0.5,8
1,3995,1,0.2009742,-0.603599668,1.0223068,0.5679108,0.5,8
1,3996,1,0.08676904,-0.6035156,0.961683,0.4909672,0.5,8
1,3997,1,-0.03380917,-0.6101688,0.293429524,-0.159391075,0.5,8
1,3998,1,-0.146637544,-0.609743834,0.37677592,-0.120827213,0.5,8
1,3999,1,-0.2530807,-0.607669353,1.11969721,0.0609478429,0.5,8
1,4000,1,-0.32629776,-0.598366261,5.66315269,1.05777943,0.5,8
1,4001,1,0.4341088,-0.7193764,1.44739592,0.4706887,0.5,8
1,4002,1,0.3184251,-0.716854453,1.33081818,0.628763556,0.5,8
1,4003,1,0.203841358,-0.716077268,1.29705954,0.6913014,0.5,8
1,4004,1,0.0893754438,-0.7158356,1.22373855,0.632020354,0.5,8
1,4005,1,-0.0320616476,-0.723571539,0.47144556,-0.124299817,0.5,8
1,4006,1,-0.144383177,-0.7230198,0.5881208,-0.07715624,0.5,8
1,4007,1,-0.246758759,-0.721684158,1.6613636,-0.00436013239,0.5,8
1,4008,1,-0.307094038,-0.706670642,5.993821,1.32935619,0.5,8
1,4009,1,0.323451,-0.829451859,1.71724629,0.7260774,0.5,8
1,4010,1,0.207035482,-0.8285488,1.58574784,0.8034717,0.5,8
1,4011,1,0.0922354,-0.828299344,1.51058507,0.7590202,0.5,8
1,4012,1,-0.0281058382,-0.8367247,0.8641785,-0.06519655,0.5,8
1,4013,1,-0.138716057,-0.8358228,1.12396491,0.0119680054,0.5,8
1,4014,1,-0.23731482,-0.8382742,2.40020013,-0.328024983,0.5,8
1,4015,1,-0.2884357,-0.8118992,6.26545572,1.87319779,0.5,8
1,4016,1,0.326248974,-0.941566646,1.999713,0.870516837,0.5,8
1,4017,1,0.210064635,-0.9409434,1.8803606,0.929907739,0.5,8
1,4018,1,0.09507959,-0.9409793,1.79590464,0.8648956,0.5,8
1,4019,1,-0.02403787,-0.949942052,1.265386,-0.0126687549,0.5,8
1,4020,1,-0.132312462,-0.948680341,1.72320259,0.09565978,0.5,8
1,4021,1,-0.231994286,-0.9609225,2.61879182,-1.23399723,0.5,8
1,4022,1,-0.270047963,-0.91560173,6.528361,2.531524,0.5,8
1,4023,1,0.3292689,-1.0541048,2.302374,0.9869142,0.5,8
1,4024,1,0.2135576,-1.05377078,2.2290585,1.01954472,0.5,8
1,4025,1,0.105566159,-1.05519032,2.8498075,0.8444919,0.5,8
1,4026,1,-0.0198333338,-1.06285834,1.67768,0.0701630041,0.5,8
1,4027,1,-0.125810325,-1.06204593,2.31985927,0.140255064,0.5,8
1,4028,1,-0.237646326,-1.0866046,7.77431726,-1.21036017,0.5,8
1,4029,1,-0.251590371,-1.01969826,6.80059958,3.15658975,0.5,8
1,4030,1,0.3326016,-1.16722941,2.90372562,1.15550959,0.5,8
1,4031,1,0.2212395,-1.16824734,3.002755,0.9352223,0.5,8
1,4032,1,0.106810942,-1.16916239,2.96932435,0.82287395,0.5,8
1,4033,1,-0.007768929,-1.17199719,2.87568474,0.5336031,0.5,8
1,4034,1,-0.11967171,-1.17655361,2.92539144,0.100803323,0.5,8
1,4035,1,-0.218065217,-1.20877206,8.261962,-1.557689,0.5,8
1,4036,1,-0.229849324,-1.14231241,7.35369444,2.27210331,0.5,8
1,4037,1,0.337644219,-1.28368783,3.16582179,0.8779496,0.5,8
1,4038,1,0.221963853,-1.28213441,3.06292081,0.9353058,0.5,8
1,4039,1,0.107172333,-1.28427541,2.99702,0.7226308,0.5,8
1,4040,1,-0.00661808159,-1.28365743,2.9728148,0.7621951,0.5,8
1,4041,1,-0.119606763,-1.2834729,3.11374,0.68936044,0.5,8
1,4042,1,-0.203306392,-1.29200828,8.172299,0.5899469,0.5,8
1,4043,1,0.219490245,-1.38532019,2.93750858,1.55940175,0.5,8
1,4044,1,0.108844884,-1.39065576,3.462667,3.27019572,0.5,8
1,4045,1,-0.00735534,-1.37380028,2.94562626,3.03903222,0.5,8
1,4046,1,-0.119744636,-1.35749769,2.84238219,2.66640282,0.5,8
1,4047,1,0.4308687,0.221862033,0.7581369,3.33134,0.5,8
1,4048,1,0.352089,0.21571815,2.993888,0.9476145,0.5,8
1,4049,1,0.1717903,0.197005063,-0.447657853,0.196442783,0.5,8
1,4050,1,0.104096666,0.20318909,2.322,-0.0343963839,0.5,8
1,4051,1,-0.0107396077,0.23388958,2.37950635,2.820051,0.5,8
1,4052,1,-0.171333939,0.234613568,-2.00123549,2.90757132,0.5,8
1,4053,1,-0.29303652,0.2337557,-2.472503,2.66769886,0.5,8
1,4054,1,-0.3690185,0.18237029,0.826089144,-0.5732117,0.5,8
1,4055,1,-0.422355175,0.201745912,2.94195628,0.7778313,0.5,8
1,4056,1,0.429102421,0.0389716364,0.7041559,-1.26083088,0.5,8
1,4057,1,0.3008679,0.2610585,0.6815463,8.717683,0.5,8
1,4058,1,0.237655163,0.242521465,1.28000724,8.098228,0.5,8
1,4059,1,0.05906201,0.242773741,-0.327985883,7.21090174,0.5,8
1,4060,1,-0.0609604865,0.202708334,-1.75732732,5.22385263,0.5,8
1,4061,1,-0.121749938,0.1976443,2.39238572,5.1065135,0.5,8
1,4062,1,-0.2380075,0.20696038,2.321277,5.5682745,0.5,8
1,4063,1,-0.228202954,-0.00129299983,7.243949,-2.22349358,0.5,8
1,4064,1,-0.433312654,0.0250312332,3.87506032,-1.14334416,0.5,8
1,4065,1,0.423357159,-0.0435237251,0.329899162,-0.326308429,0.5,8
1,4066,1,0.306114227,-0.03671129,0.105205826,0.196703777,0.5,8
1,4067,1,0.192480043,-0.03658296,0.123608574,0.199832186,0.5,8
1,4068,1,0.0787861,-0.0366189,0.12791647,0.187474,0.5,8
1,4069,1,-0.0346109,-0.0367227271,0.1625363,0.171804234,0.5,8
1,4070,1,-0.142415091,-0.03739818,0.7303078,0.09769345,0.5,8
1,4071,1,-0.27076602,-0.0516257957,-0.7867483,-1.12466776,0.5,8
1,4072,1,-0.356863976,-0.04672217,1.81303287,-0.639794469,0.5,8
1,4073,1,-0.423991144,-0.0473986827,4.069272,-0.8218075,0.5,8
1,4074,1,0.4244652,-0.154390365,0.4324755,-0.0212920364,0.5,8
1,4075,1,0.3071717,-0.153696284,0.18481338,0.000752806431,0.5,8
1,4076,1,0.192575,-0.153636932,0.1316874,-0.00483940169,0.5,8
1,4077,1,0.0787861943,-0.153707936,0.128193632,-0.0193899348,0.5,8
1,4078,1,-0.0348430648,-0.153827369,0.140459836,-0.0384646766,0.5,8
1,4079,1,-0.148036361,-0.154770434,0.192628592,-0.134031519,0.5,8
1,4080,1,-0.263180077,-0.157126084,0.09672623,-0.361002415,0.5,8
1,4081,1,-0.380154729,-0.159143507,-0.09903623,-0.493387341,0.5,8
1,4082,1,0.425048679,-0.267772853,0.49324438,0.0198710468,0.5,8
1,4083,1,0.308550537,-0.267000854,0.3430078,0.09530382,0.5,8
1,4084,1,0.1925844,-0.268163651,0.132456839,-0.04893337,0.5,8
1,4085,1,0.07877354,-0.2684486,0.127027944,-0.08438777,0.5,8
1,4086,1,-0.0349456854,-0.268562555,0.1305526,-0.103126161,0.5,8
1,4087,1,-0.148426831,-0.2689202,0.185091972,-0.1636872,0.5,8
1,4088,1,-0.263162673,-0.2687882,0.11960946,-0.150593251,0.5,8
1,4089,1,-0.380644917,-0.268984944,4.58259249,0.66807723,0.5,8
1,4090,1,0.427058071,-0.3799456,0.697127759,0.17369695,0.5,8
1,4091,1,0.310696065,-0.379262328,0.560200632,0.240459725,0.5,8
1,4092,1,0.1960464,-0.379049271,0.5288233,0.2825822,0.5,8
1,4093,1,0.07886967,-0.3820357,0.136456922,-0.0689819753,0.5,8
1,4094,1,-0.0346449129,-0.3826861,0.196938619,-0.163702175,0.5,8
1,4095,1,-0.148153961,-0.382559955,0.219167218,-0.151607528,0.5,8
11,3983,1,0.552070737,-0.2459494,4.91663074,-1.21422613,0.5,8
11,3984,1,0.50027597,-0.19273968,4.732891,-1.31965542,0.5,8
11,3985,1,1.47979391,-0.165318415,7.405893,2.41256976,0.5,8
11,3986,1,1.33509934,-0.218081415,7.171951,1.80707049,0.5,8
11,3987,1,1.19396436,-0.243153691,6.596018,1.27931046,0.5,8
11,3988,1,1.0007993,-0.2518426,5.67174,0.7383728,0.5,8
11,3989,1,0.8771647,-0.265595257,5.35198164,0.8808948,0.5,8
11,3990,1,0.756760538,-0.259960324,4.89372969,0.432236552,0.5,8
11,3991,1,0.661432564,-0.348324865,4.406274,-0.150817677,0.5,8
11,3992,1,0.6061107,-0.295717776,4.626146,-0.6539529,0.5,8
11,3993,1,1.58706141,-0.223335475,6.34474468,3.35460949,0.5,8
11,3994,1,1.4606868,-0.321458429,7.659704,2.051372,0.5,8
11,3995,1,1.26453626,-0.33766526,6.66217852,1.33845818,0.5,8
11,3996,1,1.08843493,-0.3213598,6.29873657,0.907670736,0.5,8
11,3997,1,0.9922105,-0.408268,5.81609344,0.656963766,0.5,8
11,3998,1,0.8838786,-0.373463362,5.37957573,0.527326643,0.5,8
11,3999,1,0.7735474,-0.456000537,4.328386,0.520298362,0.5,8
11,4000,1,0.7220791,-0.399149656,4.44948244,0.412075728,0.5,8
11,4001,1,1.64058614,-0.311381221,4.869383,3.93590569,0.5,8
11,4002,1,1.55454111,-0.400567085,5.93716526,3.03794622,0.5,8
11,4003,1,1.339924,-0.4178784,7.06102467,1.41064692,0.5,8
11,4004,1,1.16345036,-0.424298674,6.55468369,0.6825973,0.5,8
11,4005,1,1.14358771,-0.577010036,6.53017235,-0.0185951144,0.5,8
11,4006,1,1.053634,-0.5036996,6.41318226,0.5221997,0.5,8
11,4007,1,0.888117731,-0.554186463,4.996664,0.917231739,0.5,8
11,4008,1,0.8346676,-0.503176,4.7060523,0.8797463,0.5,8
11,4009,1,1.6289134,-0.411412925,4.684399,4.19009542,0.5,8
11,4010,1,1.44021893,-0.445589542,7.22077847,2.379788,0.5,8
11,4011,1,1.26244247,-0.5153698,6.717259,1.01031315,0.5,8
11,4012,1,1.33994591,-0.595507,7.030169,1.69885039,0.5,8
11,4013,1,1.21022558,-0.663796246,6.698259,0.462557644,0.5,8
11,4014,1,0.9969512,-0.6493378,5.666072,1.188807,0.5,8
11,4015,1,0.9367791,-0.6082793,5.02194834,0.741917133,0.5,8
11,4016,1,1.647487,-0.229071364,1.20784616,6.74968,0.5,8
11,4017,1,1.55208182,-0.49916026,5.742077,3.42631531,0.5,8
11,4018,1,1.46517885,-0.540142834,7.17454958,2.33907127,0.5,8
11,4019,1,1.41587162,-0.6471227,6.25916433,1.88451767,0.5,8
11,4020,1,1.27549684,-0.7189796,6.06666374,0.801094651,0.5,8
11,4021,1,1.09110749,-0.753734,5.88384056,0.824915,0.5,8
11,4022,1,1.03958464,-0.706398666,5.55671549,0.78011,0.5,8
11,4023,1,1.709573,-0.322522223,2.772709,4.94969225,0.5,8
11,4024,1,1.71202719,-0.414797455,4.670797,4.599288,0.5,8
11,4025,1,1.632283,-0.534975469,5.599301,3.120528,0.5,8
11,4026,1,1.52171886,-0.6442555,6.99796343,3.12528539,0.5,8
11,4027,1,1.3648355,-0.736881554,7.310471,2.51465,0.5,8
11,4028,1,1.192096,-0.8508418,6.54007959,0.8029221,0.5,8
11,4029,1,1.14277935,-0.801468253,6.24120569,0.824889,0.5,8
11,4030,1,1.76495576,-0.405917525,3.80169368,3.89658976,0.5,8
11,4031,1,1.80249465,-0.5168265,4.821052,3.43342757,0.5,8
11,4032,1,1.69955862,-0.502588153,5.038363,4.837911,0.5,8
11,4033,1,1.58839154,-0.604071259,6.47903728,3.1907537,0.5,8
11,4034,1,1.36899853,-0.8172571,6.20321274,1.92604935,0.5,8
11,4035,1,1.284713,-0.9369185,6.39081335,2.09925556,0.5,8
11,4036,1,1.23565531,-0.9058562,6.65344143,0.729468167,0.5,8
11,4037,1,1.76248372,-0.5668067,5.14287233,3.554595,0.5,8
11,4038,1,1.82199013,-0.491781235,4.599434,3.2063365,0.5,8
11,4039,1,1.64524508,-0.7132567,6.1645627,4.00795031,0.5,8
11,4040,1,1.68534422,-0.663166463,6.020911,4.10996342,0.5,8
11,4041,1,1.49822187,-0.7290658,6.208017,3.1709044,0.5,8
11,4042,1,1.36842668,-0.8929538,7.18644428,2.80976748,0.5,8
11,4043,1,1.72320569,-0.61587137,5.66609526,3.932491,0.5,8
11,4044,1,1.60293663,-0.7661069,6.223533,3.78465128,0.5,8
11,4045,1,1.53278637,-0.806669,7.465004,3.530789,0.5,8
11,4046,1,1.46092391,-0.844388664,7.679618,3.392177,0.5,8
11,4047,1,0.910637856,0.751751542,2.013781,1.93000352,0.5,8
11,4048,1,0.723281145,0.593088865,3.0628202,1.0641458,0.5,8
11,4049,1,0.6497247,0.489716947,2.940786,0.930162668,0.5,8
11,4050,1,0.567213237,0.420842558,2.783965,0.4154622,0.5,8
11,4051,1,0.476657361,0.345253319,2.68715763,-0.0865633041,0.5,8
11,4052,1,0.325652,0.373756856,3.27304769,-0.05564165,0.5,8
11,4053,1,0.138111532,0.217799664,2.61873,-1.3579365,0.5,8
11,4054,1,0.350773484,0.25473,2.71383047,-0.6391589,0.5,8
11,4055,1,0.252309352,0.189266145,3.18156123,-0.785891533,0.5,8
11,4056,1,0.8938977,0.165702865,4.50839329,1.4557023,0.5,8
11,4057,1,0.7748698,0.7476578,2.21128821,1.09420085,0.5,8
11,4058,1,0.62309587,0.6226843,2.9490695,1.106422,0.5,8
11,4059,1,0.5445575,0.556626558,3.04132318,0.772096634,0.5,8
11,4060,1,0.469520956,0.494085,2.97787738,0.3898697,0.5,8
11,4061,1,0.399917781,0.436114877,3.04248929,0.13601,0.5,8
11,4062,1,0.236968875,0.300374418,3.01581526,-0.59902674,0.5,8
11,4063,1,0.719629347,0.376672924,4.972142,2.2654984,0.5,8
11,4064,1,0.253008246,0.04276801,3.075177,-1.060282,0.5,8
11,4065,1,0.9900504,0.0787412152,4.964907,1.596253,0.5,8
11,4066,1,0.813166142,0.233413413,4.55553532,2.1063118,0.5,8
11,4067,1,0.81765765,0.3558198,5.39507341,2.82549357,0.5,8
11,4068,1,0.6564374,0.27502194,4.68765736,2.25041842,0.5,8
11,4069,1,0.9032052,0.4868819,6.49804974,3.43341875,0.5,8
11,4070,1,0.566557646,0.133556247,4.068268,1.16934407,0.5,8
11,4071,1,0.564880431,0.248236716,4.036586,0.796780467,0.5,8
11,4072,1,0.371274859,0.109426975,3.15803814,-0.569951832,0.5,8
11,4073,1,0.296766758,0.0008912777,3.58261681,-1.27954888,0.5,8
11,4074,1,1.1602391,0.08229818,5.82690144,2.43483567,0.5,8
11,4075,1,0.8284215,0.0710764155,4.45746851,1.09880841,0.5,8
11,4076,1,0.722275734,0.08396435,4.37706327,1.42962658,0.5,8
11,4077,1,0.723588049,0.2038846,4.595772,1.4021852,0.5,8
11,4078,1,0.6290226,0.0593579151,4.024216,0.962306738,0.5,8
11,4079,1,0.457139283,0.06661316,3.66662931,-0.135101527,0.5,8
11,4080,1,0.4771309,0.185401738,3.61721087,0.17184031,0.5,8
11,4081,1,0.349254966,-0.047597453,3.86068368,-1.27577055,0.5,8
11,4082,1,1.24297106,-0.03245784,6.247794,2.11841369,0.5,8
11,4083,1,1.05512583,-0.03031768,5.830283,1.357722,0.5,8
11,4084,1,0.915450931,-0.0321728848,5.3539505,1.36185718,0.5,8
11,4085,1,0.783924758,-0.039136786,4.67016268,0.9313977,0.5,8
11,4086,1,0.6491289,-0.0530017652,4.14806843,1.02467608,0.5,8
11,4087,1,0.531460345,-0.015306985,3.57783937,0.502437532,0.5,8
11,4088,1,0.4501441,-0.143703759,4.47361,-1.33655488,0.5,8
11,4089,1,0.399829626,-0.09502832,4.176021,-1.31385875,0.5,8
11,4090,1,1.37009037,-0.07818403,7.034283,2.3330946,0.5,8
11,4091,1,1.14771187,-0.121308863,6.0946064,1.59856474,0.5,8
11,4092,1,1.01331329,-0.144101188,5.57559347,1.037534,0.5,8
11,4093,1,0.8735009,-0.15020597,5.197984,1.02866125,0.5,8
11,4094,1,0.7470855,-0.146673575,4.939762,0.74428755,0.5,8
11,4095,1,0.6393549,-0.159207419,4.78995562,0.656288862,0.5,8
21,3983,1,1.359739,-0.687028468,3.358928,-2.84235048,0.5,8
21,3984,1,1.43061352,-0.459553063,4.128936,-2.07935739,0.5,8
21,3985,1,1.72993386,0.0606835373,-0.223371357,-1.11632478,0.5,8
21,3986,1,1.68585467,-0.0296834223,-0.75137,-0.6501238,0.5,8
21,3987,1,1.70904946,-0.191418529,-0.269041717,-1.729252,0.5,8
21,3988,1,1.72995794,-0.359852135,0.925510943,-2.09896636,0.5,8
21,3989,1,1.62132537,-0.370292276,0.7890991,-2.73640728,0.5,8
21,3990,1,1.54075038,-0.349281043,0.5329134,-1.8283515,0.5,8
21,3991,1,1.48535514,-0.715819538,3.563892,-2.51775742,0.5,8
21,3992,1,1.56809461,-0.481621623,3.151665,-2.28786373,0.5,8
21,3993,1,1.78943777,0.019969631,-0.440778583,-0.868558645,0.5,8
21,3994,1,1.75211561,-0.09821574,-0.574868,-1.39612913,0.5,8
21,3995,1,1.86801314,-0.265578955,0.5608607,-0.6809778,0.5,8
21,3996,1,1.7968936,-0.3102793,0.642591059,-1.049482,0.5,8
21,3997,1,1.79476929,-0.5048446,1.38387144,-2.17427135,0.5,8
21,3998,1,1.73204076,-0.456162035,1.85646927,-1.5996325,0.5,8
21,3999,1,1.6300962,-0.7726523,3.462201,-2.57092166,0.5,8
21,4000,1,1.65043962,-0.476520449,1.67605937,-2.85498476,0.5,8
21,4001,1,1.85119855,-0.0222638659,-0.6341851,-0.633471131,0.5,8
21,4002,1,1.79649675,-0.204275027,-0.3326563,-1.33916628,0.5,8
21,4003,1,1.92419541,-0.3764773,0.7953902,-0.790857553,0.5,8
21,4004,1,1.84203768,-0.4050201,0.855465353,-1.02590418,0.5,8
21,4005,1,1.91096914,-0.718603432,1.30031061,-1.47404885,0.5,8
21,4006,1,1.86579621,-0.538085163,1.49967825,-1.52361035,0.5,8
21,4007,1,1.77025115,-0.6156114,1.43171084,-2.30178285,0.5,8
21,4008,1,1.69114077,-0.605669856,1.91608083,-2.27140355,0.5,8
21,4009,1,1.84017015,-0.106772624,-0.662493944,-0.7403279,0.5,8
21,4010,1,1.948298,-0.270014316,0.4458983,-0.6109199,0.5,8
21,4011,1,1.92442942,-0.594815969,1.05626178,-2.24022269,0.5,8
21,4012,1,1.93729651,-0.470264465,0.222947285,-1.15494192,0.5,8
21,4013,1,2.01364136,-0.6237308,2.10805058,-0.7392205,0.5,8
21,4014,1,1.84335065,-0.666164935,1.4729569,-1.652212,0.5,8
21,4015,1,1.71387851,-0.7633628,1.24268246,-1.49837828,0.5,8
21,4016,1,1.503609,0.2154821,-0.3715514,-1.39168108,0.5,8
21,4017,1,2.027414,-0.234050974,0.34283188,-0.6307425,0.5,8
21,4018,1,2.012376,-0.330382,0.651385367,-0.569957852,0.5,8
21,4019,1,2.026285,-0.4360211,0.258157045,-0.9373735,0.5,8
21,4020,1,1.88483071,-0.8025694,0.11581631,-1.176527,0.5,8
21,4021,1,1.78818142,-0.7528164,0.942872167,-1.3968426,0.5,8
21,4022,1,1.77509,-0.865208268,0.674049735,-1.03583968,0.5,8
21,4023,1,1.92800629,-0.07480201,-0.6413669,-0.5007116,0.5,8
21,4024,1,1.99319947,-0.119395316,-0.538774252,-0.462369978,0.5,8
21,4025,1,2.13207078,-0.311528951,0.247974336,-1.06500268,0.5,8
21,4026,1,2.12868142,-0.4538531,0.551609,-1.17030871,0.5,8
21,4027,1,2.01367784,-0.52691704,0.477424055,-0.481243,0.5,8
21,4028,1,1.96468186,-0.8640109,0.6388018,-1.28399169,0.5,8
21,4029,1,1.84863257,-0.8948465,1.02041066,-1.07853258,0.5,8
21,4030,1,2.056988,-0.163040072,-0.4058796,-0.4470858,0.5,8
21,4031,1,2.18499851,-0.2506018,-0.07674186,-0.4591441,0.5,8
21,4032,1,1.91130161,-0.172699258,-0.47690773,-0.5862133,0.5,8
21,4033,1,2.0905292,-0.3755899,0.331726849,-1.35361445,0.5,8
21,4034,1,1.99401033,-0.710269868,0.5419387,-1.08573937,0.5,8
21,4035,1,2.013246,-0.8066755,0.482769579,-1.33637607,0.5,8
21,4036,1,1.91374111,-0.9210953,0.932779431,-0.957372963,0.5,8
21,4037,1,2.254638,-0.299932927,0.308184355,-0.5731067,0.5,8
21,4038,1,2.12287283,-0.208106622,-0.0215730164,-0.6002922,0.5,8
21,4039,1,2.19839287,-0.488094866,0.6075269,-0.349323839,0.5,8
21,4040,1,2.220487,-0.414195061,0.516118765,-0.349718571,0.5,8
21,4041,1,2.09108186,-0.5570173,0.7154569,-1.07095337,0.5,8
21,4042,1,2.06882215,-0.7410616,0.436055452,-1.24066281,0.5,8
21,4043,1,2.23947287,-0.3506911,0.414498061,-0.427226245,0.5,8
21,4044,1,2.176381,-0.561719358,0.624327,-0.5973388,0.5,8
21,4045,1,2.154477,-0.6349845,0.6256124,-0.8957629,0.5,8
21,4046,1,2.11570048,-0.685716867,0.5042579,-1.03289127,0.5,8
21,4047,1,0.952130437,0.5310991,-0.908572853,-1.95457876,0.5,8
21,4048,1,0.92039144,0.437574238,-0.658886254,-2.38968134,0.5,8
21,4049,1,0.8839258,0.353106946,-0.5293945,-2.3553493,0.5,8
21,4050,1,0.849545538,0.273469985,-0.5231676,-2.583121,0.5,8
21,4051,1,0.8025762,0.176896736,-0.0242151041,-1.84153533,0.5,8
21,4052,1,0.703546345,0.153400421,0.249187768,-1.75724149,0.5,8
21,4053,1,0.553977847,-0.242557555,0.546483934,-2.149552,0.5,8
21,4054,1,0.7359686,0.0522257462,0.362889,-1.45712423,0.5,8
21,4055,1,0.635192454,-0.119734913,0.3836138,-1.98098242,0.5,8
21,4056,1,1.44542658,0.09677831,-0.449297458,-1.795259,0.5,8
21,4057,1,0.8801876,0.574997365,-0.694201,-2.15696979,0.5,8
21,4058,1,0.841320753,0.50224936,-0.8527738,-2.63817787,0.5,8
21,4059,1,0.799858034,0.424642742,-0.913841248,-2.96284556,0.5,8
21,4060,1,0.7573289,0.345039964,-0.95104903,-3.243262,0.5,8
21,4061,1,0.757223547,0.261906832,-1.181477,-2.51035571,0.5,8
21,4062,1,0.6490594,-0.009087675,1.01098883,-2.28877831,0.5,8
21,4063,1,1.13182926,0.469299078,-1.16483939,-1.50266874,0.5,8
21,4064,1,0.6860773,-0.4021583,1.7132616,-2.99151826,0.5,8
21,4065,1,1.56541359,0.0574991368,-0.35557583,-1.35323131,0.5,8
21,4066,1,1.33957839,0.327682316,-0.751212,-1.40501893,0.5,8
21,4067,1,1.394606,0.2900544,-0.557419658,-1.44599116,0.5,8
21,4068,1,1.20525241,0.398078,-1.4968009,-0.5280105,0.5,8
21,4069,1,1.279125,0.369033575,-1.22413743,-1.1821537,0.5,8
21,4070,1,1.28794861,0.111004233,2.559547,-1.38912928,0.5,8
21,4071,1,1.23668075,0.263021767,2.19132614,-1.61225009,0.5,8
21,4072,1,0.8946843,-0.230297968,2.198063,-2.66051,0.5,8
21,4073,1,0.8548895,-0.425245345,2.19358468,-2.837909,0.5,8
21,4074,1,1.44981468,0.252290577,-0.501419067,-1.39240038,0.5,8
21,4075,1,1.46820688,-0.0305624641,-0.740709662,-3.42033625,0.5,8
21,4076,1,1.40342867,0.023738429,0.08369543,-2.37169433,0.5,8
21,4077,1,1.37443662,0.163616285,0.2503581,-2.62385058,0.5,8
21,4078,1,1.30407476,-0.06472614,2.66633463,-1.74981,0.5,8
21,4079,1,1.09228635,-0.174425647,2.55495739,-2.141441,0.5,8
21,4080,1,1.03964138,-0.01449508,2.265056,-2.03844643,0.5,8
21,4081,1,1.02085137,-0.369030952,2.76271677,-2.09562755,0.5,8
21,4082,1,1.55560136,0.1799304,-0.3182235,-1.341625,0.5,8
21,4083,1,1.67166281,0.100530043,-0.602252245,-0.954147041,0.5,8
21,4084,1,1.5785898,-0.0242815353,-0.3287337,-0.977797747,0.5,8
21,4085,1,1.51560724,-0.112739637,0.5579784,-2.42162752,0.5,8
21,4086,1,1.44375765,-0.174252823,2.63090444,-1.97706842,0.5,8
21,4087,1,1.27738261,-0.2857527,3.36271214,-2.33148551,0.5,8
21,4088,1,1.23295712,-0.632918656,3.42897487,-3.376814,0.5,8
21,4089,1,1.1244421,-0.500507355,3.12102079,-2.79276061,0.5,8
21,4090,1,1.61032176,0.1424885,-0.335718274,-1.23856521,0.5,8
21,4091,1,1.63536656,-0.105649881,0.357405782,-1.467105,0.5,8
21,4092,1,1.66843081,-0.280959845,0.895212948,-2.29621148,0.5,8
21,4093,1,1.60504115,-0.187077045,0.3695308,-2.07385468,0.5,8
21,4094,1,1.54173672,-0.241953,-0.0344401933,-2.190836,0.5,8
21,4095,1,1.4566884,-0.330761,2.79592466,-1.758039,0.5,8
31,3983,1,1.4011668,-1.0376637,-2.921723,-0.458835065,0.5,8
31,3984,1,1.303332,-0.939660847,-1.81770027,-0.8846898,0.5,8
31,3985,1,1.5559597,-0.219162732,-1.72486222,-0.9294156,0.5,8
31,3986,1,1.32410526,-0.413212538,-2.83200169,-1.339143,0.5,8
31,3987,1,1.39684927,-0.592696,-2.56697488,-0.695681,0.5,8
31,3988,1,1.49022079,-0.7288687,-2.66405225,-0.716228366,0.5,8
31,3989,1,1.45007968,-0.8066383,-2.32720041,-0.5117149,0.5,8
31,3990,1,1.3861469,-0.8727195,-2.068468,-0.8865957,0.5,8
31,3991,1,1.457573,-1.0599308,-2.96964812,-0.49660933,0.5,8
31,3992,1,1.4081136,-0.9533896,-1.43908834,-0.6422502,0.5,8
31,3993,1,1.61689162,-0.260185122,-1.82654929,-0.9379426,0.5,8
31,3994,1,1.421835,-0.293269426,-2.49321985,-0.52127564,0.5,8
31,3995,1,1.562753,-0.498404652,-2.74136257,0.143358216,0.5,8
31,3996,1,1.44703376,-0.65504247,-2.78320074,-1.09466136,0.5,8
31,3997,1,1.63276029,-0.8256341,-2.21334958,-0.382486135,0.5,8
31,3998,1,1.5563066,-0.786589742,-2.40741658,-0.439150661,0.5,8
31,3999,1,1.51141584,-1.08118582,-3.12582684,-0.489072323,0.5,8
31,4000,1,1.5429852,-0.871102,-1.6444943,-0.472540528,0.5,8
31,4001,1,1.67570019,-0.299801528,-1.94506454,-0.932468534,0.5,8
31,4002,1,1.46846843,-0.5077164,-3.20122457,-1.17501462,0.5,8
31,4003,1,1.64232612,-0.5320426,-2.91579533,-0.6418772,0.5,8
31,4004,1,1.5260123,-0.590920746,-2.95714641,-0.173892632,0.5,8
31,4005,1,1.69644964,-0.975878954,-2.836342,-0.5314397,0.5,8
31,4006,1,1.64189255,-0.719438732,-2.89437985,-0.178671241,0.5,8
31,4007,1,1.613675,-0.92886126,-1.98956573,-0.589198947,0.5,8
31,4008,1,1.24641073,-0.976571858,-2.91423917,-0.306245983,0.5,8
31,4009,1,1.48635089,-0.354882568,-2.795703,-0.511400044,0.5,8
31,4010,1,1.64739025,-0.419147879,-2.857248,-0.379119337,0.5,8
31,4011,1,1.71513033,-0.7914881,-2.67702842,-0.293724,0.5,8
31,4012,1,1.56652868,-0.6732022,-3.065526,-0.315500051,0.5,8
31,4013,1,1.81480181,-0.780373454,-2.61711931,-0.297660172,0.5,8
31,4014,1,1.69975793,-0.889152646,-2.00870419,-0.453730345,0.5,8
31,4015,1,1.479739,-0.9170991,-1.71736681,-0.08766347,0.5,8
31,4016,1,1.29750466,-0.04510719,-1.11478388,-1.0135957,0.5,8
31,4017,1,1.7359103,-0.4635571,-2.89671874,-0.404151022,0.5,8
31,4018,1,1.732654,-0.555156052,-3.07867742,-0.5343863,0.5,8
31,4019,1,1.65040934,-0.623929441,-3.069211,-0.4724846,0.5,8
31,4020,1,1.62082183,-1.02031887,-2.76908731,-0.904462,0.5,8
31,4021,1,1.53516436,-0.9828793,-2.27055979,-0.5860672,0.5,8
31,4022,1,1.56545341,-1.10252881,-3.135504,-0.539568365,0.5,8
31,4023,1,1.733517,-0.338726,-2.04172969,-0.940438569,0.5,8
31,4024,1,1.79056537,-0.377145022,-2.09673715,-0.9755004,0.5,8
31,4025,1,1.82821763,-0.5277324,-3.10992,-0.60595,0.5,8
31,4026,1,1.76841867,-0.632993162,-2.8364923,-0.486021519,0.5,8
31,4027,1,1.73532486,-0.708345,-2.79601836,-0.446829051,0.5,8
31,4028,1,1.71084106,-1.07496607,-3.03194618,-0.768278837,0.5,8
31,4029,1,1.62191188,-1.12480569,-3.118373,-0.603073061,0.5,8
31,4030,1,1.84557486,-0.414190918,-2.183332,-0.9867136,0.5,8
31,4031,1,1.95088589,-0.4851122,-2.394008,-0.9779431,0.5,8
31,4032,1,1.56341016,-0.3865954,-2.95176864,-0.421455562,0.5,8
31,4033,1,1.86721945,-0.602830768,-2.753484,-0.4756284,0.5,8
31,4034,1,1.77983165,-0.865316331,-2.24626756,-0.227944225,0.5,8
31,4035,1,1.75859416,-1.01775372,-3.02685213,-0.863306046,0.5,8
31,4036,1,1.65694916,-1.13863707,-3.06818485,-0.6581011,0.5,8
31,4037,1,1.99144292,-0.5124372,-2.48185,-0.970055461,0.5,8
31,4038,1,1.89859188,-0.449895,-2.271784,-0.9941572,0.5,8
31,4039,1,1.93151844,-0.722173333,-2.67379642,-0.8832367,0.5,8
31,4040,1,1.95154393,-0.653381944,-2.62214375,-0.9287045,0.5,8
31,4041,1,1.84329283,-0.6972708,-2.64697146,-0.3879201,0.5,8
31,4042,1,1.80364025,-0.9637844,-2.96928883,-0.8897379,0.5,8
31,4043,1,1.97091234,-0.5868473,-2.58912849,-1.03088307,0.5,8
31,4044,1,1.91133535,-0.791506052,-2.73383522,-0.864823461,0.5,8
31,4045,1,1.89072633,-0.8594476,-2.78955865,-0.8588339,0.5,8
31,4046,1,1.84925878,-0.9091293,-2.924546,-0.932742059,0.5,8
31,4047,1,0.6152961,0.125595555,-2.75746727,-1.68595457,0.5,8
31,4048,1,0.5705681,0.0198932476,-2.80674362,-1.546293,0.5,8
31,4049,1,0.5205681,-0.07852973,-3.114279,-1.57195175,0.5,8
31,4050,1,0.465954155,-0.182556689,-3.311649,-1.72810125,0.5,8
31,4051,1,0.413660944,-0.2778691,-3.470458,-1.47767961,0.5,8
31,4052,1,0.164394423,-0.5006458,-2.59441876,0.6733153,0.5,8
31,4053,1,0.241794422,-0.5318258,-2.46688581,0.6220583,0.5,8
31,4054,1,0.361723244,-0.361361533,-3.42470384,-1.242251,0.5,8
31,4055,1,0.273431152,-0.492381215,-2.75294,0.199074745,0.5,8
31,4056,1,1.20282876,-0.401445568,-1.89661992,-2.43639755,0.5,8
31,4057,1,0.5831209,0.230400428,-2.01585031,-1.43890023,0.5,8
31,4058,1,0.4658701,0.0432245843,-2.879975,-1.89442289,0.5,8
31,4059,1,0.403139085,-0.09902608,-3.093257,-2.102032,0.5,8
31,4060,1,0.332371354,-0.232534021,-3.63231015,-2.29193926,0.5,8
31,4061,1,0.249095187,-0.367737681,-4.322515,-2.20289588,0.5,8
31,4062,1,0.3141935,-0.437767982,-3.02699065,-0.454769,0.5,8
31,4063,1,0.833338439,0.193099692,-1.44781113,-1.662868,0.5,8
31,4064,1,0.9672347,-0.8663634,-1.387932,-0.614831865,0.5,8
31,4065,1,1.33690178,-0.295978636,-2.08444047,-1.79366648,0.5,8
31,4066,1,0.9892016,-0.0287365,-2.325803,-2.52847838,0.5,8
31,4067,1,1.099504,-0.0345475562,-1.81933546,-1.94612885,0.5,8
31,4068,1,0.7774229,-0.0243021566,-2.44502664,-2.9907167,0.5,8
31,4069,1,0.921983957,0.0852804,-1.98944819,-1.51639855,0.5,8
31,4070,1,1.0377562,-0.468293577,-1.99591947,-3.28705478,0.5,8
31,4071,1,1.09639227,-0.339425743,-1.43542087,-2.920498,0.5,8
31,4072,1,1.08856678,-0.8223432,-3.19418764,-0.734100044,0.5,8
31,4073,1,1.02507174,-0.8891954,-3.247335,0.04771285,0.5,8
31,4074,1,1.19308436,-0.07312214,-1.5241158,-2.349209,0.5,8
31,4075,1,1.19726992,-0.6482135,-3.572075,-1.84473729,0.5,8
31,4076,1,1.19056356,-0.529711843,-2.466297,-2.5376873,0.5,8
31,4077,1,1.24515617,-0.257406354,-1.82353544,-2.27184272,0.5,8
31,4078,1,1.07136321,-0.723243,-3.819149,-2.64535236,0.5,8
31,4079,1,1.15560079,-0.7504717,-2.62450552,-1.17028618,0.5,8
31,4080,1,1.10677838,-0.6030972,-2.33154726,-3.17853737,0.5,8
31,4081,1,1.1831125,-0.863648057,-2.34315586,-1.02220309,0.5,8
31,4082,1,1.31725025,-0.159230724,-2.2604866,-2.355878,0.5,8
31,4083,1,1.47834265,-0.19509,-1.84823239,-1.31074178,0.5,8
31,4084,1,1.28758836,-0.506634951,-2.259472,-1.60272419,0.5,8
31,4085,1,1.31681025,-0.5851051,-3.29091549,-2.25509667,0.5,8
31,4086,1,1.24496388,-0.7690888,-2.76475573,-0.9340589,0.5,8
31,4087,1,1.27226865,-0.856383741,-2.16844988,-0.550202847,0.5,8
31,4088,1,1.33539,-1.01169753,-2.72197461,-0.470503,0.5,8
31,4089,1,1.101468,-0.9193538,-2.961035,-0.142092273,0.5,8
31,4090,1,1.41932011,-0.127143353,-1.76052892,-0.732689857,0.5,8
31,4091,1,1.41403782,-0.4435999,-2.564983,-0.473071784,0.5,8
31,4092,1,1.3736757,-0.719553947,-3.18737769,-0.608493865,0.5,8
31,4093,1,1.2837863,-0.683121741,-3.14712024,-1.2316798,0.5,8
31,4094,1,1.34511411,-0.7993607,-2.01063442,-1.03783953,0.5,8
31,4095,1,1.17689884,-0.9491311,-2.7212584,-0.3125618,0.5,8
41,3983,1,0.4302535,-0.9227609,-6.01794434,1.12536585,0.5,8
41,3984,1,0.569171846,-0.9109159,-5.67470551,0.4020987,0.5,8
41,3985,1,0.842040062,-0.155915216,-4.672837,1.01492774,0.5,8
41,3986,1,0.417621881,-0.437251121,-5.85161448,0.231390744,0.5,8
41,3987,1,0.572223067,-0.601502538,-5.19680929,0.434597552,0.5,8
41,3988,1,0.625686347,-0.6873277,-5.000609,0.404561669,0.5,8
41,3989,1,0.691803038,-0.7789356,-5.345267,0.127738789,0.5,8
41,3990,1,0.6576831,-0.868886948,-5.26765776,0.09568551,0.5,8
41,3991,1,0.481259167,-0.9701568,-6.16172075,1.01475239,0.5,8
41,3992,1,0.63627,-0.97082746,-5.534562,0.30115,0.5,8
41,3993,1,0.89171654,-0.227692753,-4.67766237,0.640032768,0.5,8
41,3994,1,0.5678806,-0.143718541,-5.10275841,0.983571649,0.5,8
41,3995,1,0.7509789,-0.385424644,-4.881975,1.12119484,0.5,8
41,3996,1,0.6766511,-0.605612755,-5.11440229,0.304331273,0.5,8
41,3997,1,0.8952672,-0.799392045,-5.433482,0.0660850257,0.5,8
41,3998,1,0.742409,-0.714420855,-5.42383,0.526845753,0.5,8
41,3999,1,0.5313661,-1.01669049,-6.26806164,0.8737293,0.5,8
41,4000,1,0.7929301,-0.791478932,-5.735294,0.475687265,0.5,8
41,4001,1,0.938046038,-0.2946003,-4.79666376,0.45025894,0.5,8
41,4002,1,0.6291062,-0.5228227,-5.047683,0.353883475,0.5,8
41,4003,1,0.819752753,-0.4556939,-5.054037,0.738828242,0.5,8
41,4004,1,0.732618,-0.5086827,-5.4018,0.7046533,0.5,8
41,4005,1,0.8726854,-0.929153264,-5.204195,0.2638162,0.5,8
41,4006,1,0.8454038,-0.7081814,-5.30557966,0.4802709,0.5,8
41,4007,1,0.8146082,-0.865811348,-5.211976,0.6597003,0.5,8
41,4008,1,0.324629,-0.824653447,-5.778029,1.40804434,0.5,8
41,4009,1,0.7071658,-0.27921775,-4.82818651,1.1999861,0.5,8
41,4010,1,0.8433159,-0.342111617,-5.26055765,1.0249747,0.5,8
41,4011,1,0.9396847,-0.717641056,-5.46081924,-0.0692183152,0.5,8
41,4012,1,0.760178566,-0.635127366,-4.86508274,0.5461059,0.5,8
41,4013,1,1.04874492,-0.7283015,-4.999032,0.02704838,0.5,8
41,4014,1,0.944721639,-0.8753357,-5.12398052,0.1070047,0.5,8
41,4015,1,0.728147745,-0.9046166,-5.4743557,-0.291175932,0.5,8
41,4016,1,0.693599761,-0.06653852,-4.98712969,1.15985084,0.5,8
41,4017,1,0.910661161,-0.418107569,-5.1918,0.729740739,0.5,8
41,4018,1,0.8918475,-0.5291764,-5.146074,0.384112269,0.5,8
41,4019,1,0.8097522,-0.5665096,-5.39806461,1.06598055,0.5,8
41,4020,1,0.785840631,-0.9682471,-5.43555737,0.8250151,0.5,8
41,4021,1,0.7043464,-1.01998377,-5.663576,-0.347391933,0.5,8
41,4022,1,0.57951057,-1.06142855,-6.40519238,0.7706374,0.5,8
41,4023,1,0.983815849,-0.360716939,-4.89674759,0.237162247,0.5,8
41,4024,1,1.02867973,-0.4255424,-4.97674274,0.0018331086,0.5,8
41,4025,1,0.9699415,-0.504650354,-5.20851374,0.461060882,0.5,8
41,4026,1,0.981933534,-0.6441313,-5.33310652,-0.161820576,0.5,8
41,4027,1,0.887970269,-0.6254673,-5.31389427,0.422023,0.5,8
41,4028,1,0.7346947,-1.10270858,-6.40592432,0.169352457,0.5,8
41,4029,1,0.6272788,-1.10578966,-6.479685,0.611222744,0.5,8
41,4030,1,1.07385743,-0.4907864,-5.022169,-0.288573444,0.5,8
41,4031,1,1.16498792,-0.6224461,-5.139173,-0.8423616,0.5,8
41,4032,1,0.7895227,-0.251203567,-4.97551727,1.69240355,0.5,8
41,4033,1,1.02445507,-0.572808862,-5.603019,0.0524733029,0.5,8
41,4034,1,0.9958227,-0.7982134,-5.203521,0.221874535,0.5,8
41,4035,1,0.798729,-1.06750417,-6.190378,0.073599726,0.5,8
41,4036,1,0.66394484,-1.13985109,-6.442991,0.401629418,0.5,8
41,4037,1,1.20345056,-0.6818234,-5.4275775,-1.22204959,0.5,8
41,4038,1,1.11957717,-0.5568481,-5.14020061,-0.48073104,0.5,8
41,4039,1,1.07667482,-0.8465854,-5.633075,-0.613245,0.5,8
41,4040,1,1.1203773,-0.7897938,-5.483282,-0.7204949,0.5,8
41,4041,1,1.08651257,-0.6526625,-5.336478,0.102753915,0.5,8
41,4042,1,0.8617026,-1.03288281,-6.348542,-0.224060491,0.5,8
41,4043,1,1.16379952,-0.7333664,-5.323961,-0.813427031,0.5,8
41,4044,1,1.03251863,-0.9039503,-5.79230547,-0.5151795,0.5,8
41,4045,1,0.98581934,-0.9646362,-6.051538,-0.5294439,0.5,8
41,4046,1,0.927301049,-0.9968298,-6.262501,-0.396229059,0.5,8
41,4047,1,0.0267261658,0.290735453,-1.59889269,3.07927585,0.5,8
41,4048,1,-0.0323101729,0.239239439,-2.00026178,2.98697615,0.5,8
41,4049,1,-0.08816292,0.190769449,-2.32781672,2.944873,0.5,8
41,4050,1,-0.143905327,0.1423952,-2.63779545,2.918336,0.5,8
41,4051,1,-0.200044051,0.09874556,-2.87246323,2.90301,0.5,8
41,4052,1,-0.4933127,-0.00307599455,-3.51488543,3.36832285,0.5,8
41,4053,1,-0.431148827,-0.0614396073,-3.586403,3.245465,0.5,8
41,4054,1,-0.257050157,0.0561505742,-3.11339617,2.945839,0.5,8
41,4055,1,-0.3751303,-0.0272878744,-3.50527215,3.09776855,0.5,8
41,4056,1,0.361328572,-0.5551531,-5.64526558,0.7037062,0.5,8
41,4057,1,0.09461663,0.354990572,-1.15639353,3.43119979,0.5,8
41,4058,1,-0.191330776,0.2589892,-1.55099916,3.764865,0.5,8
41,4059,1,-0.278893262,0.183000952,-2.10055757,3.666966,0.5,8
41,4060,1,-0.3547394,0.11718031,-2.564236,3.59262061,0.5,8
41,4061,1,-0.426724166,0.05471065,-2.958454,3.57331371,0.5,8
41,4062,1,-0.314351618,0.0133349113,-3.32977223,3.00923848,0.5,8
41,4063,1,0.494846016,-0.187507823,-2.328828,-1.6306144,0.5,8
41,4064,1,-0.063664794,-0.46393,-5.7590065,3.24901533,0.5,8
41,4065,1,0.5580475,-0.466065973,-4.73389149,-0.170984387,0.5,8
41,4066,1,0.353632629,-0.362655848,-5.59606647,1.23162663,0.5,8
41,4067,1,0.475912154,-0.352595955,-4.94165,-0.975997567,0.5,8
41,4068,1,0.177501351,-0.5073549,-5.013458,1.18489063,0.5,8
41,4069,1,0.476353437,-0.265652835,-3.68165731,-0.00504803658,0.5,8
41,4070,1,0.08445998,-0.5493129,-7.01032162,1.81378591,0.5,8
41,4071,1,0.214146465,-0.3775647,-5.50200224,2.7110436,0.5,8
41,4072,1,0.193738341,-0.6442277,-5.54462147,1.59245849,0.5,8
41,4073,1,0.112461805,-0.6275584,-5.066768,1.7628715,0.5,8
41,4074,1,0.5656926,-0.3783384,-3.94101739,-0.08730979,0.5,8
41,4075,1,0.311299324,-0.6470465,-4.97198725,0.528768659,0.5,8
41,4076,1,0.249492928,-0.5644535,-5.31748533,0.6112755,0.5,8
41,4077,1,0.297275275,-0.477879763,-5.94489241,1.21237171,0.5,8
41,4078,1,-0.149236575,-0.381141365,-5.38333,3.31749272,0.5,8
41,4079,1,0.35135448,-0.7366771,-4.998983,0.6154948,0.5,8
41,4080,1,0.0102771558,-0.5326192,-5.992183,3.11169839,0.5,8
41,4081,1,0.443737179,-0.790294051,-5.28650236,0.6892519,0.5,8
41,4082,1,0.626871943,-0.307338834,-4.998232,1.42967844,0.5,8
41,4083,1,0.678933263,-0.170328289,-5.559258,1.37052643,0.5,8
41,4084,1,0.487190038,-0.5148786,-5.74605,1.02730525,0.5,8
41,4085,1,0.443185031,-0.583896041,-5.19135237,0.8530514,0.5,8
41,4086,1,0.537793338,-0.743816,-5.003001,0.733529747,0.5,8
41,4087,1,0.509002,-0.84938395,-5.3426857,0.7979486,0.5,8
41,4088,1,0.3784197,-0.8746093,-5.855459,1.22253156,0.5,8
41,4089,1,0.207818687,-0.7161276,-5.43410063,1.64770663,0.5,8
41,4090,1,0.792503357,-0.0843746662,-4.593024,1.2811569,0.5,8
41,4091,1,0.6692933,-0.425328881,-4.61850071,0.819415033,0.5,8
41,4092,1,0.502789736,-0.6623409,-5.19461775,0.6793869,0.5,8
41,4093,1,0.4183591,-0.685966551,-5.01533461,0.8202563,0.5,8
41,4094,1,0.6044303,-0.7948084,-5.25270128,0.240989685,0.5,8
41,4095,1,0.26326,-0.767644048,-5.68651247,1.61677849,0.5,8
51,3983,1,-0.8552331,-0.7188284,-5.893763,0.9034527,0.5,8
51,3984,1,-0.7117766,-0.9193638,-6.541957,-0.3313217,0.5,8
51,3985,1,-0.08731358,-0.00361804082,-4.314079,-0.02894656,0.5,8
51,3986,1,-0.786407769,-0.172331542,-4.926314,1.37395036,0.5,8
51,3987,1,-0.580644131,-0.432142168,-5.74709225,0.678235352,0.5,8
51,3988,1,-0.5555976,-0.663742,-6.22458172,-0.423421383,0.5,8
51,3989,1,-0.5267594,-0.7970608,-6.255734,-0.3068151,0.5,8
51,3990,1,-0.6226632,-0.8741081,-6.617451,0.03847677,0.5,8
51,3991,1,-0.838606834,-0.80093056,-6.13773346,0.6853136,0.5,8
51,3992,1,-0.663579345,-1.01041138,-6.62713146,-0.30382055,0.5,8
51,3993,1,-0.0589799,-0.150976628,-4.150503,-0.6779148,0.5,8
51,3994,1,-0.535224,0.03235873,-5.45236826,0.2033862,0.5,8
51,3995,1,-0.2923254,-0.223287478,-5.25157452,-0.06812078,0.5,8
51,3996,1,-0.46261245,-0.586453438,-5.98448038,-0.533454835,0.5,8
51,3997,1,-0.339622319,-0.9010308,-6.158556,-1.37592447,0.5,8
51,3998,1,-0.4503775,-0.700110853,-5.94321966,-0.6004832,0.5,8
51,3999,1,-0.8227439,-0.87921536,-6.38018847,0.5257824,0.5,8
51,4000,1,-0.409652472,-0.8010111,-6.09850025,-0.9996398,0.5,8
51,4001,1,-0.0570238642,-0.279004455,-4.41852474,-0.79518497,0.5,8
51,4002,1,-0.4789671,-0.4838154,-5.798231,-0.261711717,0.5,8
51,4003,1,-0.295903951,-0.37400052,-5.699851,-0.367214084,0.5,8
51,4004,1,-0.4472109,-0.379813969,-6.22022533,0.0493785851,0.5,8
51,4005,1,-0.354450732,-1.01124859,-6.61353731,-1.23908138,0.5,8
51,4006,1,-0.329334974,-0.723191142,-5.98159552,-0.739110053,0.5,8
51,4007,1,-0.4471353,-0.9041153,-6.58170652,-0.8260885,0.5,8
51,4008,1,-0.8907714,-0.5434436,-5.36239147,1.31914341,0.5,8
51,4009,1,-0.314628035,-0.07778044,-5.125715,0.117287569,0.5,8
51,4010,1,-0.20147109,-0.113912731,-4.8128686,0.3422973,0.5,8
51,4011,1,-0.271610528,-0.8227955,-6.28609371,-0.8870922,0.5,8
51,4012,1,-0.3535177,-0.6048992,-5.884443,-0.505249441,0.5,8
51,4013,1,-0.07987643,-0.959275246,-5.49282169,-2.0332098,0.5,8
51,4014,1,-0.2467141,-0.9877179,-6.180101,-1.44198382,0.5,8
51,4015,1,-0.54315,-0.927984059,-6.88067865,-0.434518218,0.5,8
51,4016,1,-0.323607326,0.160279065,-4.84545755,0.415678442,0.5,8
51,4017,1,-0.186770648,-0.2667075,-5.040202,0.0269548427,0.5,8
51,4018,1,-0.24009493,-0.504699945,-5.616992,-0.357306123,0.5,8
51,4019,1,-0.356559336,-0.482451379,-5.88681126,-0.296353757,0.5,8
51,4020,1,-0.45144555,-1.027383,-6.774521,-0.9004184,0.5,8
51,4021,1,-0.557460845,-1.02895427,-6.63465166,-0.5945194,0.5,8
51,4022,1,-0.806161761,-0.9609992,-6.632485,0.3541719,0.5,8
51,4023,1,-0.05833659,-0.405700147,-4.79786158,-0.6952808,0.5,8
51,4024,1,-0.0588675663,-0.5149777,-5.109372,-0.8777786,0.5,8
51,4025,1,-0.181934223,-0.400965452,-5.340076,-0.140005827,0.5,8
51,4026,1,-0.2046746,-0.7190734,-5.67307,-0.5939602,0.5,8
51,4027,1,-0.24584,-0.6239938,-5.85432863,-0.441692,0.5,8
51,4028,1,-0.703385651,-1.12276208,-7.30781746,-0.05036884,0.5,8
51,4029,1,-0.7905419,-1.03813529,-6.87164354,0.19830963,0.5,8
51,4030,1,-0.061063,-0.645849347,-5.54348469,-1.29005122,0.5,8
51,4031,1,-0.06465793,-0.860742331,-6.26817846,-1.56622,0.5,8
51,4032,1,-0.24003832,0.06325084,-4.51748371,0.108985066,0.5,8
51,4033,1,-0.145746708,-0.578644633,-5.47973776,-0.640665352,0.5,8
51,4034,1,-0.1929729,-0.905425549,-6.059762,-1.5557009,0.5,8
51,4035,1,-0.628920138,-1.131712,-7.41302443,-0.2924173,0.5,8
51,4036,1,-0.7754047,-1.11278808,-7.14315176,0.2450363,0.5,8
51,4037,1,-0.06801928,-1.05423117,-6.93163,-2.21004224,0.5,8
51,4038,1,-0.06265274,-0.7412111,-5.864982,-1.56194925,0.5,8
51,4039,1,-0.269027025,-1.11479092,-7.486587,-1.63801086,0.5,8
51,4040,1,-0.1981528,-1.09343791,-7.369874,-1.86349547,0.5,8
51,4041,1,-0.145834208,-0.8106822,-6.51186037,-1.68088627,0.5,8
51,4042,1,-0.553314745,-1.14079893,-7.515783,-0.5386588,0.5,8
51,4043,1,-0.129112884,-1.07263744,-7.204958,-2.067712,0.5,8
51,4044,1,-0.338791579,-1.13582015,-7.561039,-1.40386355,0.5,8
51,4045,1,-0.409168154,-1.15701282,-7.650523,-1.17201579,0.5,8
51,4046,1,-0.4793957,-1.14968312,-7.537133,-0.7889168,0.5,8
51,4047,1,-0.176865846,0.566444755,-1.38772428,-1.889935,0.5,8
51,4048,1,-0.280177742,0.55736655,-0.8916295,-1.41615868,0.5,8
51,4049,1,-0.355628341,0.4598436,-0.6225848,-0.8227594,0.5,8
51,4050,1,-0.4971039,0.452539355,-1.07641935,-0.5271338,0.5,8
51,4051,1,-0.6314783,0.4353435,-1.66357493,0.0430325,0.5,8
51,4052,1,-1.05283451,0.485720575,-1.73690045,1.12030089,0.5,8
51,4053,1,-1.03667593,0.4020628,-1.99792373,1.053406,0.5,8
51,4054,1,-0.744523466,0.403479129,-1.90572119,0.073032096,0.5,8
51,4055,1,-0.9484727,0.3947308,-2.05869913,0.759819,0.5,8
51,4056,1,-0.8236355,-0.331585616,-5.621647,0.9345936,0.5,8
51,4057,1,-0.09599785,0.5737163,-1.43962812,-2.1896646,0.5,8
51,4058,1,-0.4189372,0.5444999,-1.30526567,-0.995179355,0.5,8
51,4059,1,-0.566907942,0.530779,-1.47219551,-0.510388434,0.5,8
51,4060,1,-0.730411053,0.515617847,-1.69664693,0.0199651029,0.5,8
51,4061,1,-0.903495967,0.499568284,-1.98249042,0.574249864,0.5,8
51,4062,1,-0.847325861,0.400250822,-2.04850316,0.4170766,0.5,8
51,4063,1,-0.4755985,-0.07558146,-5.160329,0.454446673,0.5,8
51,4064,1,-1.03673637,0.176959425,-3.1383338,2.82216954,0.5,8
51,4065,1,-0.6060764,-0.318378776,-6.005071,0.934271038,0.5,8
51,4066,1,-0.7044195,-0.04472607,-4.62367535,1.23566842,0.5,8
51,4067,1,-0.6822583,-0.1670916,-5.32723475,1.19074309,0.5,8
51,4068,1,-0.9198155,-0.08975346,-4.308706,1.799643,0.5,8
51,4069,1,-0.5702486,-0.1394458,-5.506179,0.547553539,0.5,8
51,4070,1,-0.99448216,-0.0316223726,-3.82767034,2.61101365,0.5,8
51,4071,1,-0.895381033,0.05852283,-5.11954546,1.89996076,0.5,8
51,4072,1,-0.943735957,-0.2821097,-4.53780031,1.77661884,0.5,8
51,4073,1,-0.9654787,-0.174807,-4.21905041,2.06229234,0.5,8
51,4074,1,-0.5158079,-0.25905782,-5.30220127,0.5245556,0.5,8
51,4075,1,-0.796338856,-0.442379743,-5.02882051,0.6440033,0.5,8
51,4076,1,-0.8698773,-0.214942425,-4.78170443,1.70899594,0.5,8
51,4077,1,-0.8220249,-0.047085382,-4.19489527,2.02214313,0.5,8
51,4078,1,-1.05673933,0.275621772,-2.46241784,1.08906007,0.5,8
51,4079,1,-0.7862884,-0.5623529,-5.52402067,0.642353833,0.5,8
51,4080,1,-1.01513231,0.07023754,-3.51241183,2.81966662,0.5,8
51,4081,1,-0.7613019,-0.6883555,-5.965997,0.231881633,0.5,8
51,4082,1,-0.416385233,-0.171412215,-5.16361332,0.2088024,0.5,8
51,4083,1,-0.393861979,0.0155073171,-4.92138243,0.43497175,0.5,8
51,4084,1,-0.718068242,-0.287171632,-5.674319,1.0053277,0.5,8
51,4085,1,-0.6938608,-0.4082092,-5.77091646,0.728906631,0.5,8
51,4086,1,-0.671924949,-0.6480799,-6.170137,0.438342452,0.5,8
51,4087,1,-0.720681131,-0.8003355,-6.311592,-0.0883905143,0.5,8
51,4088,1,-0.8727503,-0.632429838,-5.634054,1.11841631,0.5,8
51,4089,1,-0.9256927,-0.37110427,-4.802823,1.54292417,0.5,8
51,4090,1,-0.107854605,0.141908363,-4.051547,0.05417615,0.5,8
51,4091,1,-0.3864227,-0.287438869,-5.29218769,-0.148458317,0.5,8
51,4092,1,-0.58728826,-0.551529169,-5.45918846,0.246581271,0.5,8
51,4093,1,-0.6905632,-0.5280951,-5.289984,0.3819986,0.5,8
51,4094,1,-0.625762,-0.754605949,-6.39999247,0.08512845,0.5,8
51,4095,1,-0.908225,-0.457358927,-5.08303452,1.43169832,0.5,8
61,3983,1,-1.66461957,-0.698698044,-2.58152342,-0.527892053,0.5,8
61,3984,1,-1.68944085,-0.9652099,-3.02129054,0.214353487,0.5,8
61,3985,1,-0.88080436,-0.298580229,-3.376133,-2.68676877,0.5,8
61,3986,1,-1.20828819,-0.008630308,0.11217995,-0.183424085,0.5,8
61,3987,1,-1.37673914,-0.555545151,-2.10058045,-1.89370775,0.5,8
61,3988,1,-1.46443284,-0.8802157,-2.55968475,-1.720953,0.5,8
61,3989,1,-1.49319088,-0.9912439,-3.084891,-0.8815484,0.5,8
61,3990,1,-1.58700585,-0.962994337,-3.028386,-0.492500246,0.5,8
61,3991,1,-1.70296919,-0.7771522,-2.67088056,-0.09031728,0.5,8
61,3992,1,-1.68666053,-1.04666078,-2.89893031,0.296977669,0.5,8
61,3993,1,-0.8549867,-0.505141258,-3.64810514,-2.76171565,0.5,8
61,3994,1,-1.175025,-0.114942245,-1.09626949,-1.84139085,0.5,8
61,3995,1,-1.140289,-0.46234557,-2.339016,-2.04420853,0.5,8
61,3996,1,-1.40343487,-0.8063939,-2.88501787,-1.61391139,0.5,8
61,3997,1,-1.39258432,-1.19380462,-3.4769516,-0.8266352,0.5,8
61,3998,1,-1.399422,-0.964468956,-2.633331,-1.75708,0.5,8
61,3999,1,-1.73761523,-0.848029733,-2.76034546,0.2702727,0.5,8
61,4000,1,-1.43026352,-1.07104862,-2.98557425,-0.9966366,0.5,8
61,4001,1,-0.8913826,-0.6465477,-3.863047,-2.770541,0.5,8
61,4002,1,-1.31526756,-0.6231313,-2.10798144,-1.59772146,0.5,8
61,4003,1,-1.23758221,-0.661991537,-2.57019567,-2.42065,0.5,8
61,4004,1,-1.31808221,-0.472010672,-2.36327,-1.50682211,0.5,8
61,4005,1,-1.45988154,-1.245299,-3.72099662,-0.3174343,0.5,8
61,4006,1,-1.31879473,-1.04017258,-2.99399257,-1.84995472,0.5,8
61,4007,1,-1.496232,-1.12394786,-3.07920122,-0.5197851,0.5,8
61,4008,1,-1.591579,-0.5492976,-2.24974012,-1.00821722,0.5,8
61,4009,1,-1.09440756,-0.287843764,-1.34111035,-2.1500926,0.5,8
61,4010,1,-1.014213,-0.3453927,-2.9565804,-2.51813054,0.5,8
61,4011,1,-1.33751047,-1.12852478,-2.95116234,-1.34822357,0.5,8
61,4012,1,-1.3326292,-0.894128859,-2.8138063,-1.64747751,0.5,8
61,4013,1,-1.19204879,-1.370321,-4.20056438,-0.9939291,0.5,8
61,4014,1,-1.34729707,-1.27936709,-3.69213533,-0.6003955,0.5,8
61,4015,1,-1.57385671,-1.0509218,-2.89247322,-0.409811229,0.5,8
61,4016,1,-1.09002376,-0.005875124,-1.76092112,-1.82135653,0.5,8
61,4017,1,-1.04649448,-0.535777152,-3.63411522,-2.55010414,0.5,8
61,4018,1,-1.2207818,-0.8065123,-3.577491,-2.70864773,0.5,8
61,4019,1,-1.31087,-0.7632846,-2.77304935,-1.95191956,0.5,8
61,4020,1,-1.54283762,-1.19240081,-3.525829,-0.116048008,0.5,8
61,4021,1,-1.61717713,-1.1214689,-3.26591229,-0.000177920927,0.5,8
61,4022,1,-1.77087069,-0.9160622,-2.879413,0.543301,0.5,8
61,4023,1,-0.96204567,-0.790722132,-4.22138262,-2.901586,0.5,8
61,4024,1,-0.9660458,-0.951967061,-4.254815,-3.06581616,0.5,8
61,4025,1,-1.118312,-0.686574,-4.11664963,-2.49172068,0.5,8
61,4026,1,-1.20517516,-1.08056939,-4.19574547,-2.62362766,0.5,8
61,4027,1,-1.25073516,-0.949790061,-3.45658422,-2.65945745,0.5,8
61,4028,1,-1.78736556,-1.08307838,-3.01742768,0.802385,0.5,8
61,4029,1,-1.80215621,-0.9800874,-3.02404618,0.73356545,0.5,8
61,4030,1,-1.061726,-1.07683,-4.64813757,-2.88216,0.5,8
61,4031,1,-1.14069974,-1.30570388,-4.14620733,-1.32302988,0.5,8
61,4032,1,-1.00968635,-0.190122828,-2.77208543,-2.33012486,0.5,8
61,4033,1,-1.13881707,-0.9288573,-4.168075,-2.68116069,0.5,8
61,4034,1,-1.25409329,-1.289457,-3.656259,-1.27529454,0.5,8
61,4035,1,-1.73936915,-1.13001168,-3.175282,0.6754469,0.5,8
61,4036,1,-1.83010411,-1.037262,-2.922829,1.37479317,0.5,8
61,4037,1,-1.23335063,-1.42230785,-4.21174765,-0.6882177,0.5,8
61,4038,1,-1.12614083,-1.20861685,-4.651437,-2.36633134,0.5,8
61,4039,1,-1.458753,-1.33786368,-3.50080585,-0.182782069,0.5,8
61,4040,1,-1.38668442,-1.36515129,-3.656682,-0.370635152,0.5,8
61,4041,1,-1.25417137,-1.19059932,-3.61656332,-1.80613089,0.5,8
61,4042,1,-1.69097781,-1.17731714,-3.29199052,0.506000936,0.5,8
61,4043,1,-1.31215525,-1.39337051,-3.90184569,-0.533109367,0.5,8
61,4044,1,-1.53237808,-1.30998671,-3.479934,0.06151998,0.5,8
61,4045,1,-1.589766,-1.27630115,-3.46775913,0.08465688,0.5,8
61,4046,1,-1.64109564,-1.22610843,-3.37651825,0.296268016,0.5,8
61,4047,1,-0.436517119,-0.08223458,-0.9444099,-3.98592043,0.5,8
61,4048,1,-0.564901054,0.0373211764,-0.9836619,-2.82411313,0.5,8
61,4049,1,-0.55483675,-0.06616114,-0.645125031,-2.45943522,0.5,8
61,4050,1,-0.729103863,0.03788117,-0.3311281,-1.88363147,0.5,8
61,4051,1,-0.818271756,0.09404894,0.6388308,-2.11226,0.5,8
61,4052,1,-1.077769,0.3983184,1.24949849,-1.1427505,0.5,8
61,4053,1,-1.11612368,0.321433723,1.22532213,-1.23674417,0.5,8
61,4054,1,-0.897311,0.148549467,0.762242,-1.87995791,0.5,8
61,4055,1,-1.04479718,0.257325351,0.9979111,-1.41412222,0.5,8
61,4056,1,-1.39802408,-0.363049954,-1.29402328,-1.47365975,0.5,8
61,4057,1,-0.299776435,-0.1572739,-1.03007317,-4.352185,0.5,8
61,4058,1,-0.6684241,0.102026239,-0.614638031,-2.16973925,0.5,8
61,4059,1,-0.77078867,0.180870667,-0.3236414,-1.69967222,0.5,8
61,4060,1,-0.9079735,0.2913625,1.34259272,-1.90262008,0.5,8
61,4061,1,-0.9977254,0.347898126,1.22068119,-1.45244563,0.5,8
61,4062,1,-0.9703406,0.202376187,0.8870762,-1.63588,0.5,8
61,4063,1,-1.145418,-0.205562443,-0.7932458,-1.5637393,0.5,8
61,4064,1,-1.24306369,0.1636801,0.2927706,-1.16635263,0.5,8
61,4065,1,-1.31647313,-0.322650641,-1.19242632,-1.27029479,0.5,8
61,4066,1,-1.15226161,0.07813252,0.370122433,-0.6443488,0.5,8
61,4067,1,-1.26796079,-0.125315472,-0.462593168,-0.7830051,0.5,8
61,4068,1,-1.34752643,-0.0500252545,-0.6755969,-1.56485844,0.5,8
61,4069,1,-1.23479009,-0.257589817,-1.04106569,-1.7518003,0.5,8
61,4070,1,-1.31351221,0.0195824038,-0.412298441,-1.54337049,0.5,8
61,4071,1,-1.00192606,0.06416063,1.17051291,-2.061839,0.5,8
61,4072,1,-1.45992827,-0.279949456,-1.473312,-1.46851552,0.5,8
61,4073,1,-1.3832103,-0.123003066,-0.974813759,-1.63611472,0.5,8
61,4074,1,-1.24864256,-0.410895646,-1.369858,-2.2304275,0.5,8
61,4075,1,-1.50662088,-0.5295878,-1.91397667,-1.50888,0.5,8
61,4076,1,-1.42282188,-0.204061478,-1.29781342,-1.694677,0.5,8
61,4077,1,-1.128431,0.157600641,0.5622838,-1.04456735,0.5,8
61,4078,1,-1.20826745,0.234864861,0.7303738,-0.772796,0.5,8
61,4079,1,-1.53983855,-0.6683346,-2.432033,-1.59506106,0.5,8
61,4080,1,-1.27854216,0.09109974,-0.0441334248,-1.312365,0.5,8
61,4081,1,-1.60521579,-0.7727054,-2.46094012,-0.6974315,0.5,8
61,4082,1,-1.16855407,-0.3518494,-1.35472953,-1.94266558,0.5,8
61,4083,1,-1.07279217,-0.09319095,-0.02733915,-2.22467184,0.5,8
61,4084,1,-1.328588,-0.2175443,-0.7432362,-0.9009112,0.5,8
61,4085,1,-1.42618847,-0.4600833,-1.86019778,-1.43102014,0.5,8
61,4086,1,-1.5082655,-0.765987,-2.27295375,-1.39874172,0.5,8
61,4087,1,-1.64789808,-0.8764121,-2.57368731,-0.23199451,0.5,8
61,4088,1,-1.62860847,-0.625028133,-2.40116858,-0.7276837,0.5,8
61,4089,1,-1.50118172,-0.36436674,-1.72248292,-1.33644807,0.5,8
61,4090,1,-0.841595948,-0.1789759,-3.083781,-2.7784853,0.5,8
61,4091,1,-1.20937073,-0.540634334,-2.037327,-2.695697,0.5,8
61,4092,1,-1.407031,-0.7037095,-2.197913,-1.37021768,0.5,8
61,4093,1,-1.45680094,-0.6199257,-2.49500251,-1.48552716,0.5,8
61,4094,1,-1.5545994,-0.8687496,-2.52692556,-0.7391349,0.5,8
61,4095,1,-1.540016,-0.443789631,-2.02190113,-1.35358918,0.5,8
71,3983,1,-1.74582291,-0.460196316,1.4175086,2.62510777,0.5,8
71,3984,1,-1.8038069,-0.6288716,1.22741807,2.81731486,0.5,8
71,3985,1,-1.107662,-0.895522237,1.37799954,-0.8440917,0.5,8
71,3986,1,-1.12567961,-0.333002061,0.773606658,-1.90507233,0.5,8
71,3987,1,-1.48281157,-0.627358258,1.42527854,1.56436348,0.5,8
71,3988,1,-1.54050732,-0.80398047,1.14039183,2.904749,0.5,8
71,3989,1,-1.6381588,-0.814000964,1.00268948,3.013207,0.5,8
71,3990,1,-1.70378268,-0.6622482,1.5879811,3.06044841,0.5,8
71,3991,1,-1.7952553,-0.498408884,1.33081508,2.68238735,0.5,8
71,3992,1,-1.78436315,-0.7072321,0.977241755,3.33536577,0.5,8
71,3993,1,-1.076199,-0.978853047,2.38945746,2.48119426,0.5,8
71,3994,1,-1.12729692,-0.474999428,0.797778547,-1.9491905,0.5,8
71,3995,1,-1.16124737,-0.8340782,2.23641253,0.5249458,0.5,8
71,3996,1,-1.45116079,-0.7655305,1.94765949,2.09706378,0.5,8
71,3997,1,-1.58558965,-0.960989058,0.723369539,2.86917162,0.5,8
71,3998,1,-1.44732308,-0.8592031,1.162278,2.426927,0.5,8
71,3999,1,-1.84284461,-0.535171866,1.38935614,2.84723735,0.5,8
71,4000,1,-1.543554,-0.8822295,1.55673468,2.783688,0.5,8
71,4001,1,-0.94057107,-0.914789,5.23856974,3.64470267,0.5,8
71,4002,1,-1.30744851,-0.779291034,2.418088,0.9973715,0.5,8
71,4003,1,-1.31378436,-0.90090096,1.24883163,1.31315732,0.5,8
71,4004,1,-1.38611221,-0.613331,1.8356806,1.56023812,0.5,8
71,4005,1,-1.69017661,-0.9636422,0.7545882,2.790688,0.5,8
71,4006,1,-1.47813642,-0.942152858,1.34019077,2.4689374,0.5,8
71,4007,1,-1.635193,-0.8941359,1.40254045,2.89460826,0.5,8
71,4008,1,-1.647119,-0.3839208,1.82772613,2.69399762,0.5,8
71,4009,1,-1.10206723,-0.752930641,3.129042,-0.2933876,0.5,8
71,4010,1,-1.006409,-0.9414852,3.02946281,2.64583826,0.5,8
71,4011,1,-1.52374935,-1.01118135,0.8566748,3.15045714,0.5,8
71,4012,1,-1.39289474,-0.9416232,1.25297213,1.87023556,0.5,8
71,4013,1,-1.51977515,-1.18832946,0.3498665,2.3717823,0.5,8
71,4014,1,-1.62666392,-1.034102,0.9432276,2.75346041,0.5,8
71,4015,1,-1.70058906,-0.7531338,1.35991025,3.41835737,0.5,8
71,4016,1,-0.9547588,-0.45920825,1.38593662,-2.349047,0.5,8
71,4017,1,-1.20589435,-0.9339854,1.80108333,0.8619793,0.5,8
71,4018,1,-1.29845786,-0.9792653,1.62797046,1.49216759,0.5,8
71,4019,1,-1.3747052,-0.823017,1.7265451,1.53762376,0.5,8
71,4020,1,-1.71982348,-0.87816155,1.1914829,3.04193354,0.5,8
71,4021,1,-1.758398,-0.8045555,1.48314226,3.10207,0.5,8
71,4022,1,-1.89194477,-0.5731276,1.26379085,2.873643,0.5,8
71,4023,1,-1.13995814,-1.00895345,1.43629217,2.159947,0.5,8
71,4024,1,-0.843448937,-0.8689278,4.4552474,3.0595088,0.5,8
71,4025,1,-1.19843769,-1.0365715,0.874266267,2.00090361,0.5,8
71,4026,1,-1.30744457,-1.08806312,0.280804783,1.93046284,0.5,8
71,4027,1,-1.397601,-1.02059591,1.68389463,1.8829906,0.5,8
71,4028,1,-1.88094974,-0.7254722,1.36088645,2.59947824,0.5,8
71,4029,1,-1.924507,-0.5982908,1.36691141,3.03518414,0.5,8
71,4030,1,-1.35836589,-1.11210072,0.114665225,1.95001149,0.5,8
71,4031,1,-1.4650439,-1.16248143,0.3071841,2.24627447,0.5,8
71,4032,1,-1.13135934,-0.6370542,1.03412712,-1.63273442,0.5,8
71,4033,1,-1.25357842,-1.06261289,0.6295278,1.9914608,0.5,8
71,4034,1,-1.55777979,-1.09467983,0.568306267,2.84245849,0.5,8
71,4035,1,-1.8612988,-0.7813126,1.32209718,2.42903876,0.5,8
71,4036,1,-1.90034652,-0.6703838,1.53005779,2.39565539,0.5,8
71,4037,1,-1.55704916,-1.20593274,0.445869446,2.48887014,0.5,8
71,4038,1,-1.41084123,-1.13688326,0.1319895,2.05920076,0.5,8
71,4039,1,-1.70896554,-1.04606652,0.8773621,2.55943966,0.5,8
71,4040,1,-1.65723979,-1.1015209,0.680192769,2.59584475,0.5,8
71,4041,1,-1.47028089,-1.06684136,0.50414443,2.847022,0.5,8
71,4042,1,-1.84082723,-0.8394847,1.33909523,2.0883553,0.5,8
71,4043,1,-1.60953975,-1.152674,0.536597431,2.58840775,0.5,8
71,4044,1,-1.75971842,-0.9916698,0.9180124,2.68752027,0.5,8
71,4045,1,-1.8035897,-0.9446214,0.9670215,2.78341055,0.5,8
71,4046,1,-1.8210938,-0.8955596,1.16088974,2.312907,0.5,8
71,4047,1,-0.217702091,-0.469314039,1.90821373,0.106822267,0.5,8
71,4048,1,-0.304041147,-0.352625251,2.71957564,-0.68384707,0.5,8
71,4049,1,-0.2590371,-0.413885564,2.14963865,-0.129557818,0.5,8
71,4050,1,-0.359546661,-0.2770702,3.09137321,-0.9277865,0.5,8
71,4051,1,-0.422610044,-0.18096602,3.05672956,-0.8349491,0.5,8
71,4052,1,-0.592025757,0.31534332,3.2419436,0.173512667,0.5,8
71,4053,1,-0.6471257,0.219266072,3.2015264,-0.2247309,0.5,8
71,4054,1,-0.482756019,-0.08296541,3.066795,-0.51354593,0.5,8
71,4055,1,-0.594173431,0.115984574,3.25230646,-0.341881424,0.5,8
71,4056,1,-1.46750867,-0.541094363,1.08112037,1.17489493,0.5,8
71,4057,1,-0.173432931,-0.495884,2.08495617,0.5993778,0.5,8
71,4058,1,-0.29309243,-0.190803379,3.40263128,-1.66512978,0.5,8
71,4059,1,-0.364390433,-0.06915172,3.2714498,-1.14452386,0.5,8
71,4060,1,-0.435830623,0.0422387533,3.29820824,-0.668602467,0.5,8
71,4061,1,-0.5020501,0.170241728,3.28134084,-0.1602843,0.5,8
71,4062,1,-0.5419065,0.0149520244,3.044777,-0.333939761,0.5,8
71,4063,1,-1.23839223,-0.530833662,1.69462121,-0.420607,0.5,8
71,4064,1,-1.048227,-0.09477449,1.33255959,-1.50703073,0.5,8
71,4065,1,-1.30408084,-0.587154865,2.552615,0.5133177,0.5,8
71,4066,1,-0.928685844,-0.322972327,1.28842568,-2.407095,0.5,8
71,4067,1,-1.28469551,-0.413949728,0.8137894,-0.9107731,0.5,8
71,4068,1,-1.37960136,-0.3171811,1.8713249,-0.08593688,0.5,8
71,4069,1,-1.217671,-0.6496095,2.45325875,-0.717433751,0.5,8
71,4070,1,-1.31415486,-0.2683012,1.061704,-0.8853291,0.5,8
71,4071,1,-0.793872833,-0.492516518,1.0776757,-2.955816,0.5,8
71,4072,1,-1.47983086,-0.2546454,3.09524846,3.25298572,0.5,8
71,4073,1,-1.43781865,-0.382240057,1.856245,-0.732654154,0.5,8
71,4074,1,-1.30702746,-0.6942431,1.49832189,1.11445487,0.5,8
71,4075,1,-1.59151983,-0.514366567,1.85166574,3.04258442,0.5,8
71,4076,1,-1.43399,-0.462768853,1.383267,0.6384961,0.5,8
71,4077,1,-0.8449513,-0.121973038,1.53984,-1.82191741,0.5,8
71,4078,1,-0.935021,0.0329999663,1.57508349,-1.424613,0.5,8
71,4079,1,-1.66531658,-0.538336456,1.61516845,2.84974623,0.5,8
71,4080,1,-1.2154429,-0.166734576,0.642652333,-1.37251914,0.5,8
71,4081,1,-1.62256742,-0.649224639,1.4963336,2.59941387,0.5,8
71,4082,1,-1.20442116,-0.7448527,2.14578748,-0.112873182,0.5,8
71,4083,1,-0.8726397,-0.601226449,1.06507182,-2.86093354,0.5,8
71,4084,1,-1.34587169,-0.495472342,1.360682,-0.0121756392,0.5,8
71,4085,1,-1.54381514,-0.444702625,1.495151,3.62715435,0.5,8
71,4086,1,-1.52271116,-0.714051247,2.04413629,2.631709,0.5,8
71,4087,1,-1.73185122,-0.5790853,1.42878449,2.8794322,0.5,8
71,4088,1,-1.69639218,-0.421997726,1.59998477,2.64186478,0.5,8
71,4089,1,-1.54087126,-0.301815778,2.688999,3.092486,0.5,8
71,4090,1,-1.03208923,-0.8357883,2.135823,-1.50772417,0.5,8
71,4091,1,-1.247278,-0.8443712,1.81063592,0.6302695,0.5,8
71,4092,1,-1.40507221,-0.698610365,2.14095616,1.62990093,0.5,8
71,4093,1,-1.56113136,-0.6018279,1.14603412,3.13893771,0.5,8
71,4094,1,-1.610371,-0.73302865,1.92592013,2.71352839,0.5,8
71,4095,1,-1.59484172,-0.343522459,2.231394,2.87453,0.5,8
81,3983,1,-1.05080926,0.193929315,4.15835476,2.63623381,0.5,8
81,3984,1,-1.21179843,0.0186548065,4.02800751,2.32648039,0.5,8
81,3985,1,-0.5422434,-0.478835225,3.90112257,2.29583526,0.5,8
81,3986,1,-0.404091626,-0.225332841,5.088611,1.69785869,0.5,8
81,3987,1,-0.873239636,-0.07110488,3.64772487,2.91617322,0.5,8
81,3988,1,-1.069678,-0.197790056,3.03084874,2.63074923,0.5,8
81,3989,1,-1.15999186,-0.137210563,3.37066221,2.68172336,0.5,8
81,3990,1,-1.11054778,0.00584864244,3.835875,3.01580524,0.5,8
81,3991,1,-1.14718306,0.134014264,4.03178072,2.50406146,0.5,8
81,3992,1,-1.31552815,-0.05451495,3.10250187,2.59488726,0.5,8
81,3993,1,-0.465968817,-0.451902747,4.012457,2.3692975,0.5,8
81,3994,1,-0.514245749,-0.270426571,3.24732447,2.51453042,0.5,8
81,3995,1,-0.4777986,-0.354036957,3.46863365,2.43884659,0.5,8
81,3996,1,-0.9106404,-0.168310925,3.65409923,2.91432548,0.5,8
81,3997,1,-1.16042352,-0.326634228,2.98491335,2.395011,0.5,8
81,3998,1,-0.982067466,-0.253734529,3.13004732,2.85621524,0.5,8
81,3999,1,-1.226962,0.08442594,3.947039,2.40793514,0.5,8
81,4000,1,-1.06509042,-0.306973457,3.12932,2.483493,0.5,8
81,4001,1,0.107252516,-0.2494495,4.74763632,2.88553953,0.5,8
81,4002,1,-0.714770138,-0.287226915,3.22635913,2.45804977,0.5,8
81,4003,1,-0.79878813,-0.3281979,2.92662,2.50731421,0.5,8
81,4004,1,-0.77443403,-0.08123978,3.74855328,3.09139419,0.5,8
81,4005,1,-1.25737143,-0.330107659,2.8736074,2.621136,0.5,8
81,4006,1,-1.01312625,-0.398350865,3.10118413,2.34339976,0.5,8
81,4007,1,-1.16680193,-0.230080023,2.990653,2.51728129,0.5,8
81,4008,1,-0.8742424,0.303666532,4.45920753,2.917612,0.5,8
81,4009,1,-0.0184633974,-0.12999329,5.57493,3.37056,0.5,8
81,4010,1,0.00479313545,-0.2856773,5.06890154,2.95309615,0.5,8
81,4011,1,-1.10156286,-0.421604455,3.08044147,2.279727,0.5,8
81,4012,1,-0.926503837,-0.365673035,3.147989,2.344347,0.5,8
81,4013,1,-1.07940423,-0.668505967,3.22123623,1.81553519,0.5,8
81,4014,1,-1.202422,-0.4218466,2.880382,2.404749,0.5,8
81,4015,1,-1.21667838,-0.06998021,3.265948,2.375831,0.5,8
81,4016,1,-0.107324541,-0.211517245,5.58049059,4.53677225,0.5,8
81,4017,1,-0.8020877,-0.4343063,3.023123,2.1815176,0.5,8
81,4018,1,-0.887808144,-0.464364976,2.97743773,1.97769856,0.5,8
81,4019,1,-0.88375473,-0.2803752,2.91421819,2.66065836,0.5,8
81,4020,1,-1.26813543,-0.234330729,2.931182,2.71856546,0.5,8
81,4021,1,-1.28399575,-0.148246363,2.90148067,2.68473458,0.5,8
81,4022,1,-1.32695735,0.0222715847,3.79098749,2.25561476,0.5,8
81,4023,1,-0.6142703,-0.5042678,3.80341434,2.22908735,0.5,8
81,4024,1,0.20936653,-0.213442728,2.96817327,2.301103,0.5,8
81,4025,1,-0.685267031,-0.529336631,3.74997,2.17842865,0.5,8
81,4026,1,-0.8202358,-0.576993942,3.55245,2.048256,0.5,8
81,4027,1,-0.9730592,-0.501876056,2.883207,1.993519,0.5,8
81,4028,1,-1.41223609,-0.145431891,2.873687,1.93170285,0.5,8
81,4029,1,-1.41905844,-0.0349758156,3.77276945,2.19369125,0.5,8
81,4030,1,-0.885566652,-0.6000622,3.46451259,1.98795617,0.5,8
81,4031,1,-1.01537645,-0.645897865,3.317324,1.87786472,0.5,8
81,4032,1,-0.34966293,-0.326180339,4.263652,2.255388,0.5,8
81,4033,1,-0.7537487,-0.5535281,3.641579,2.10949469,0.5,8
81,4034,1,-1.14318109,-0.517315149,2.81356215,2.30095744,0.5,8
81,4035,1,-1.39789033,-0.204931453,2.90293717,1.914336,0.5,8
81,4036,1,-1.4273473,-0.0827578455,2.83702421,1.974266,0.5,8
81,4037,1,-1.132952,-0.6874136,3.189492,1.780086,0.5,8
81,4038,1,-0.950601935,-0.6230366,3.39631653,1.93475688,0.5,8
81,4039,1,-1.27430749,-0.501915932,2.91943336,1.92602825,0.5,8
81,4040,1,-1.23035645,-0.5598538,2.96092939,1.91922021,0.5,8
81,4041,1,-1.05812824,-0.5374844,2.83375072,1.80394435,0.5,8
81,4042,1,-1.38322783,-0.2657446,2.93323636,1.89491379,0.5,8
81,4043,1,-1.18389273,-0.621121466,3.05837774,1.841688,0.5,8
81,4044,1,-1.31602168,-0.446894675,2.93007016,1.866514,0.5,8
81,4045,1,-1.3521086,-0.394812316,2.98801231,1.89321983,0.5,8
81,4046,1,-1.36810076,-0.3284845,2.96762848,1.86188293,0.5,8
81,4047,1,0.302099973,-0.127439767,2.96368361,2.35126066,0.5,8
81,4048,1,0.232623488,-0.0177409947,2.80666375,2.45305037,0.5,8
81,4049,1,0.2685663,-0.07883172,2.8634665,2.411637,0.5,8
81,4050,1,0.198179036,0.0408030637,2.72461581,2.5401082,0.5,8
81,4051,1,0.163529113,0.09969632,2.6452136,2.62230635,0.5,8
81,4052,1,0.07566642,0.39336133,3.62479782,2.61428237,0.5,8
81,4053,1,0.04442166,0.335579574,2.28041744,3.21902323,0.5,8
81,4054,1,0.130394652,0.1569954,2.627508,2.67397976,0.5,8
81,4055,1,0.07532872,0.271379024,2.497593,2.82915235,0.5,8
81,4056,1,-0.975305,-0.0281150825,3.46305585,2.76952124,0.5,8
81,4057,1,0.3834385,-0.09396072,2.918726,2.37514639,0.5,8
81,4058,1,0.3508483,-0.0262639057,2.82932329,2.49402428,0.5,8
81,4059,1,0.314810067,0.04859507,2.789625,2.498165,0.5,8
81,4060,1,0.2797161,0.121492773,2.84651661,2.30391669,0.5,8
81,4061,1,0.247119784,0.189202219,2.79093313,2.35102916,0.5,8
81,4062,1,0.102788948,0.214338318,2.56685758,2.74237156,0.5,8
81,4063,1,-0.276936769,-0.06621083,5.79291,3.48741817,0.5,8
81,4064,1,-0.5444628,-0.0636282638,4.07849169,2.9769268,0.5,8
81,4065,1,-0.5582416,-0.180236727,4.28784132,2.32584381,0.5,8
81,4066,1,-0.193438828,-0.318758756,5.709337,1.6706202,0.5,8
81,4067,1,-0.5731874,0.0724846646,4.68478537,3.45887518,0.5,8
81,4068,1,-0.760867953,0.143230736,4.45751572,3.00713,0.5,8
81,4069,1,-0.624528,-0.2644005,3.33590364,2.42588615,0.5,8
81,4070,1,-0.69092387,-0.00243843254,4.22674131,3.119056,0.5,8
81,4071,1,-0.09769991,-0.321867466,4.563344,2.72869587,0.5,8
81,4072,1,-0.5757555,0.371878415,4.84391975,2.29088879,0.5,8
81,4073,1,-0.8861315,0.0453972,4.040044,2.96872687,0.5,8
81,4074,1,-0.7088957,-0.172348663,3.772545,2.848126,0.5,8
81,4075,1,-0.7431947,0.26344198,5.85249424,3.63135982,0.5,8
81,4076,1,-0.7903461,0.0416773856,3.8842814,3.09321237,0.5,8
81,4077,1,-0.3095293,-0.231177613,5.14712572,2.26587248,0.5,8
81,4078,1,-0.435768127,-0.134435192,4.172231,1.37635851,0.5,8
81,4079,1,-0.9476564,0.160870239,5.173011,3.11234665,0.5,8
81,4080,1,-0.667456865,0.122977264,4.269959,3.14411235,0.5,8
81,4081,1,-0.9833268,0.07127417,4.46039963,3.18865681,0.5,8
81,4082,1,-0.6033953,-0.374280959,3.0411427,2.00322628,0.5,8
81,4083,1,-0.2716129,-0.383275926,3.91367722,2.42143583,0.5,8
81,4084,1,-0.638081133,-0.08762933,3.94139886,2.57566237,0.5,8
81,4085,1,-0.607631743,0.244551614,5.20077324,2.55681729,0.5,8
81,4086,1,-0.998923242,-0.127150163,3.40373325,2.56002235,0.5,8
81,4087,1,-1.07436264,0.0947174653,4.51263952,2.85369539,0.5,8
81,4088,1,-0.9559034,0.252908349,4.184636,2.70237422,0.5,8
81,4089,1,-0.697745442,0.412645578,4.87078762,3.19730258,0.5,8
81,4090,1,-0.381670922,-0.42213726,3.89086747,2.36410761,0.5,8
81,4091,1,-0.704094052,-0.4109299,2.85883045,2.20678234,0.5,8
81,4092,1,-0.8112641,-0.197581545,3.654097,2.57396674,0.5,8
81,4093,1,-0.846102953,0.191053227,5.13512,3.7981863,0.5,8
81,4094,1,-1.079321,-0.0737420842,3.47103214,2.78262043,0.5,8
81,4095,1,-0.787333131,0.3576869,4.554796,3.02319074,0.5,8
91,3983,1,-0.126545042,0.4564229,3.94095087,0.0255390815,0.5,8
91,3984,1,-0.317157149,0.072839506,4.594725,-1.325539,0.5,8
91,3985,1,0.2948963,-0.241608158,3.777829,0.38157028,0.5,8
91,3986,1,0.493244231,0.07433925,3.69358015,0.5178517,0.5,8
91,3987,1,-0.0211557355,0.2100145,4.261507,-0.161125049,0.5,8
91,3988,1,-0.321354836,-0.09357825,4.12898636,-1.29847479,0.5,8
91,3989,1,-0.3822655,-0.00613464043,4.21415472,-0.9872962,0.5,8
91,3990,1,-0.211245537,0.192533925,4.359646,-0.826273143,0.5,8
91,3991,1,-0.2663926,0.298336416,4.057053,-0.5482308,0.5,8
91,3992,1,-0.4728855,0.0658604652,4.09742546,-1.44430935,0.5,8
91,3993,1,0.399142385,-0.284537166,3.65386963,-0.924307942,0.5,8
91,3994,1,0.268343329,0.0307118576,4.171664,0.2416083,0.5,8
91,3995,1,0.266399384,-0.123737834,3.79586482,0.236000761,0.5,8
91,3996,1,-0.0886712745,0.10965272,3.802433,-0.1707297,0.5,8
91,3997,1,-0.4963332,-0.266461343,2.80599666,-2.02484775,0.5,8
91,3998,1,-0.2136894,-0.103694968,4.012541,-0.968192458,0.5,8
91,3999,1,-0.336060256,0.219480708,4.12004328,-0.838468969,0.5,8
91,4000,1,-0.3416596,-0.213102117,3.75683451,-1.50522447,0.5,8
91,4001,1,0.720536232,0.055041872,2.25313973,-0.239285156,0.5,8
91,4002,1,0.02235667,-0.09889567,4.15508747,-0.564300656,0.5,8
91,4003,1,-0.0832668245,-0.176002115,3.87931967,-0.7337546,0.5,8
91,4004,1,0.0768921152,0.181958124,4.30673,-0.478676021,0.5,8
91,4005,1,-0.6089632,-0.3332109,3.45058918,-2.419428,0.5,8
91,4006,1,-0.279226959,-0.3136365,3.591256,-1.27110183,0.5,8
91,4007,1,-0.4379832,-0.170719966,4.533722,-2.01982665,0.5,8
91,4008,1,0.03718294,0.6238535,3.86261487,0.2728002,0.5,8
91,4009,1,0.620362937,0.148135185,1.37478662,0.1604959,0.5,8
91,4010,1,0.721004665,-0.07584478,2.97469735,-0.4035769,0.5,8
91,4011,1,-0.419971257,-0.340783328,3.47354436,-1.42419517,0.5,8
91,4012,1,-0.201509014,-0.215068921,3.57004023,-1.08022606,0.5,8
91,4013,1,-0.281344235,-0.7438293,4.34138966,-1.98672009,0.5,8
91,4014,1,-0.5787688,-0.418758243,3.30941916,-2.58714962,0.5,8
91,4015,1,-0.464977443,-0.06479315,4.546071,-1.68360233,0.5,8
91,4016,1,0.54674983,0.21634753,1.09851635,0.111588217,0.5,8
91,4017,1,-0.09711384,-0.3226986,3.706761,-0.665942967,0.5,8
91,4018,1,-0.1963819,-0.385036558,3.93022418,-0.594502151,0.5,8
91,4019,1,-0.08163111,-0.04185526,4.382906,-0.652725,0.5,8
91,4020,1,-0.64745146,-0.25360775,3.36340356,-2.453478,0.5,8
91,4021,1,-0.5491286,-0.15163441,4.57058334,-2.4468224,0.5,8
91,4022,1,-0.402935833,0.144900441,4.14028454,-1.05150342,0.5,8
91,4023,1,0.259956,-0.370526463,4.739964,-0.978546262,0.5,8
91,4024,1,0.809968233,-0.0110294484,2.71188068,-0.323063523,0.5,8
91,4025,1,0.141343638,-0.340671837,4.16651249,0.03855108,0.5,8
91,4026,1,-0.0174456742,-0.4826614,3.952174,-0.9566799,0.5,8
91,4027,1,-0.35863328,-0.44005996,3.28086734,-1.37514126,0.5,8
91,4028,1,-0.711156249,-0.203374714,4.08316565,-2.64147568,0.5,8
91,4029,1,-0.5532648,-0.02496453,4.00084162,-1.94676864,0.5,8
91,4030,1,-0.0989217758,-0.5876621,3.81776857,-1.7565403,0.5,8
91,4031,1,-0.231792673,-0.618102849,4.076591,-1.08699071,0.5,8
91,4032,1,0.393359631,-0.07311991,3.35653925,0.220732614,0.5,8
91,4033,1,0.02458651,-0.3643423,3.50890231,-0.04164562,0.5,8
91,4034,1,-0.492684543,-0.472755581,3.82406616,-2.0317502,0.5,8
91,4035,1,-0.7786711,-0.2796634,4.557011,-2.46284032,0.5,8
91,4036,1,-0.6393497,-0.12223658,4.457385,-1.88025773,0.5,8
91,4037,1,-0.392476022,-0.8089531,3.9914124,-2.61963677,0.5,8
91,4038,1,-0.23737292,-0.4818631,3.2622323,-0.7145395,0.5,8
91,4039,1,-0.596661,-0.570879638,3.91086531,-1.85978341,0.5,8
91,4040,1,-0.530344367,-0.637347639,3.90352225,-2.200983,0.5,8
91,4041,1,-0.417196,-0.5664669,3.67642927,-1.85209024,0.5,8
91,4042,1,-0.8034312,-0.3444295,2.81472969,-2.844571,0.5,8
91,4043,1,-0.464519,-0.7173162,3.96458435,-2.32776713,0.5,8
91,4044,1,-0.6841749,-0.549450457,3.39440727,-2.78875875,0.5,8
91,4045,1,-0.714255,-0.4709201,3.44160414,-2.65610671,0.5,8
91,4046,1,-0.750695,-0.403256238,3.402108,-2.69653058,0.5,8
91,4047,1,0.875724256,0.09922612,2.43831849,-0.165077686,0.5,8
91,4048,1,0.6957044,0.280316532,1.85083866,0.03311314,0.5,8
91,4049,1,0.7864668,0.181392714,2.23409986,-0.225204438,0.5,8
91,4050,1,0.6092659,0.3737855,1.3210578,0.07123077,0.5,8
91,4051,1,0.5225191,0.458775938,0.8704382,0.122147657,0.5,8
91,4052,1,0.443015367,0.698954,0.09695229,0.0319877341,0.5,8
91,4053,1,0.2931978,0.862330735,0.709570765,-1.53660667,0.5,8
91,4054,1,0.438720316,0.558707058,0.398781538,0.4954833,0.5,8
91,4055,1,0.342596143,0.8091804,0.428509146,-0.1115424,0.5,8
91,4056,1,-0.117228627,0.265301317,4.14044476,0.372689337,0.5,8
91,4057,1,0.9394212,0.154067978,2.32597923,-0.0147276074,0.5,8
91,4058,1,0.814098,0.291630536,1.6436522,0.129422262,0.5,8
91,4059,1,0.706442237,0.4098002,1.16855955,0.1310251,0.5,8
91,4060,1,0.610036731,0.5156209,0.9154174,-0.064541325,0.5,8
91,4061,1,0.5312488,0.6021035,0.6109732,-0.112337753,0.5,8
91,4062,1,0.351214558,0.6722287,-0.185193941,0.7637352,0.5,8
91,4063,1,0.468599766,0.3009247,1.24909461,-0.252808839,0.5,8
91,4064,1,0.3588007,0.2751041,4.11091852,-0.3038466,0.5,8
91,4065,1,0.260695636,0.172123417,3.83411384,0.327982336,0.5,8
91,4066,1,0.6182488,-0.150125533,3.87190914,-0.09988478,0.5,8
91,4067,1,0.399926543,0.376304716,2.65748239,-2.18689942,0.5,8
91,4068,1,0.162214011,0.470898777,3.7090013,-0.180329815,0.5,8
91,4069,1,0.1369707,-0.0404262431,4.120867,-0.331351936,0.5,8
91,4070,1,0.2753714,0.370003521,4.11058331,-0.190716743,0.5,8
91,4071,1,0.5937008,-0.0233547036,2.442366,0.230720669,0.5,8
91,4072,1,0.251614779,0.553770661,1.28664374,-1.37273669,0.5,8
91,4073,1,0.0456469432,0.3255509,4.45825243,0.0002084658,0.5,8
91,4074,1,0.152371332,0.09350709,4.487597,-0.174744919,0.5,8
91,4075,1,0.177222341,0.6498066,0.28112,-0.351998925,0.5,8
91,4076,1,0.153585181,0.354258835,4.40387058,0.520865858,0.5,8
91,4077,1,0.5910284,0.06691339,2.150572,-0.4990693,0.5,8
91,4078,1,0.3834866,0.153234586,4.031611,0.3816249,0.5,8
91,4079,1,0.0449305475,0.460101,3.94892573,-0.0630120561,0.5,8
91,4080,1,0.2726286,0.485432684,3.54909062,-0.580352843,0.5,8
91,4081,1,-0.0601977073,0.3647599,4.194316,-0.167621732,0.5,8
91,4082,1,0.144443586,-0.175306514,3.90164065,-0.375125557,0.5,8
91,4083,1,0.510302842,-0.1561453,3.020574,0.5277634,0.5,8
91,4084,1,0.180679992,0.251555324,4.01595449,0.44168818,0.5,8
91,4085,1,0.337905049,0.4443834,2.61116481,-2.57694864,0.5,8
91,4086,1,-0.180490971,-2.55974119E-05,3.96470618,-1.4124496,0.5,8
91,4087,1,-0.200757667,0.37258023,3.99754977,-0.27958855,0.5,8
91,4088,1,-0.0490463041,0.5424341,3.98502231,0.3611132,0.5,8
91,4089,1,0.125072479,0.7415109,0.9812675,-1.78783655,0.5,8
91,4090,1,0.482349753,-0.249706835,3.81435251,-0.6068636,0.5,8
91,4091,1,0.0263317712,-0.2418023,3.93490577,-0.465773821,0.5,8
91,4092,1,0.0240591541,0.0423253,4.13648653,-0.2340182,0.5,8
91,4093,1,0.155903742,0.5799254,2.5895505,-0.910252,0.5,8
91,4094,1,-0.217546627,0.09609032,4.749266,-0.7340457,0.5,8
91,4095,1,0.0905462354,0.7025129,2.30654883,-0.5869206,0.5,8
101,3983,1,0.09180671,-0.3516669,0.6561224,-5.61300564,0.5,8
101,3984,1,0.3490756,-0.521271765,1.95892942,-4.95411634,0.5,8
101,3985,1,0.8932431,-0.7037101,1.423763,-4.62633657,0.5,8
101,3986,1,0.999633968,-0.337775171,0.916163564,-1.45113158,0.5,8
101,3987,1,0.42523995,-0.3320061,1.60331106,-3.89447737,0.5,8
101,3988,1,0.3716867,-0.7059811,2.280883,-5.615486,0.5,8
101,3989,1,0.266200125,-0.5993403,1.6863668,-5.254717,0.5,8
101,3990,1,0.3373406,-0.4024804,1.415916,-4.54310942,0.5,8
101,3991,1,0.08037628,-0.430695146,0.9168565,-5.642508,0.5,8
101,3992,1,0.157178313,-0.569240749,2.364841,-5.14582825,0.5,8
101,3993,1,0.9568115,-0.684078038,1.43259847,-2.66415071,0.5,8
101,3994,1,0.8326762,-0.433998346,1.653824,-2.759082,0.5,8
101,3995,1,0.8544422,-0.5214806,1.18084776,-2.645721,0.5,8
101,3996,1,0.4969462,-0.418970823,1.5918386,-4.07041836,0.5,8
101,3997,1,0.223257363,-1.03313816,3.626335,-4.97490549,0.5,8
101,3998,1,0.512353,-0.7061411,2.62463546,-4.67447138,0.5,8
101,3999,1,0.236626282,-0.481979549,1.64688408,-5.056886,0.5,8
101,4000,1,0.441826046,-0.7979316,3.41733313,-4.53993559,0.5,8
101,4001,1,1.10629666,-0.263141125,1.34508288,-2.797235,0.5,8
101,4002,1,0.7094724,-0.635877132,2.32884812,-4.43579865,0.5,8
101,4003,1,0.601383567,-0.6494098,2.27391648,-4.2174983,0.5,8
101,4004,1,0.595134735,-0.465697378,1.63929164,-4.27493334,0.5,8
101,4005,1,0.135072708,-1.1666038,3.27267623,-5.119592,0.5,8
101,4006,1,0.440705657,-0.9271026,3.7898705,-3.936755,0.5,8
101,4007,1,0.319649428,-0.804313958,2.97605586,-4.277454,0.5,8
101,4008,1,0.117853291,-0.17158483,0.0962991,-5.3085413,0.5,8
101,4009,1,0.9660366,-0.200067252,0.67023164,-1.45053852,0.5,8
101,4010,1,1.08790672,-0.336151153,0.4426523,-1.86185992,0.5,8
101,4011,1,0.310372949,-0.931965947,3.32857537,-4.2320137,0.5,8
101,4012,1,0.5678989,-0.7994234,3.60425687,-4.50537729,0.5,8
101,4013,1,0.5648569,-1.34616852,4.091423,-3.746907,0.5,8
101,4014,1,0.07668123,-1.3037889,3.5697782,-5.20251846,0.5,8
101,4015,1,0.259283423,-0.69378686,2.26889515,-5.22593,0.5,8
101,4016,1,0.8996826,-0.194382936,0.5088161,-1.95874369,0.5,8
101,4017,1,0.6645533,-0.7545124,2.81226015,-4.529448,0.5,8
101,4018,1,0.6256555,-0.885207355,3.982626,-4.094161,0.5,8
101,4019,1,0.524545431,-0.574754953,2.11130333,-4.4539175,0.5,8
101,4020,1,0.100464538,-0.9931333,3.44332814,-4.45039463,0.5,8
101,4021,1,0.1887702,-0.83413893,2.98144245,-4.433632,0.5,8
101,4022,1,0.104829431,-0.499664962,0.6493724,-5.82838774,0.5,8
101,4023,1,0.9106602,-0.8065632,1.675984,-3.19624782,0.5,8
101,4024,1,1.134721,-0.211877778,0.309792221,-1.03347456,0.5,8
101,4025,1,0.8524776,-0.8624966,1.99337351,-6.78668356,0.5,8
101,4026,1,0.7357177,-0.916880846,3.268988,-3.81211281,0.5,8
101,4027,1,0.379996479,-1.08893955,3.90859175,-4.49273348,0.5,8
101,4028,1,0.05379796,-0.8680422,3.01751947,-4.435668,0.5,8
101,4029,1,0.1406145,-0.6522719,2.5584774,-5.150675,0.5,8
101,4030,1,0.691697,-1.13267553,3.84787965,-3.422817,0.5,8
101,4031,1,0.530227959,-1.11438656,3.681669,-3.70779943,0.5,8
101,4032,1,0.9554815,-0.4461996,1.41284072,-2.421534,0.5,8
101,4033,1,0.7756679,-0.837238133,2.63491178,-4.896235,0.5,8
101,4034,1,0.260653973,-1.15433633,3.773378,-4.79029751,0.5,8
101,4035,1,-0.009000204,-1.06447387,3.13575649,-4.98724461,0.5,8
101,4036,1,0.07312592,-0.730360568,2.62511754,-4.19700861,0.5,8
101,4037,1,0.462672025,-1.54001927,4.708432,-2.94471955,0.5,8
101,4038,1,0.5484863,-0.9917141,4.345434,-3.55722976,0.5,8
101,4039,1,0.278253943,-1.286847,4.391584,-4.70337152,0.5,8
101,4040,1,0.259261668,-1.44474781,4.2529583,-5.15809345,0.5,8
101,4041,1,0.4140827,-1.25492942,4.332759,-4.33513641,0.5,8
101,4042,1,-0.0540396869,-1.36731839,4.23075056,-4.65961933,0.5,8
101,4043,1,0.410522461,-1.44678581,4.462938,-4.22484,0.5,8
101,4044,1,0.162277713,-1.47535062,5.208809,-4.26036453,0.5,8
101,4045,1,0.0529453531,-1.42073715,5.10053253,-4.65498066,0.5,8
101,4046,1,-0.02750653,-1.21561635,3.58195972,-5.395306,0.5,8
101,4047,1,1.12779951,-0.08742753,-0.008344709,-0.7631174,0.5,8
101,4048,1,0.913440049,-0.0563945621,0.7099373,-1.60530341,0.5,8
101,4049,1,1.0265286,-0.07689376,-0.166163787,-1.07389367,0.5,8
101,4050,1,0.7218882,-0.0180342719,0.709421039,-2.33746362,0.5,8
101,4051,1,0.544489443,0.0274714828,0.296490967,-2.85255241,0.5,8
101,4052,1,0.5041916,0.148597345,0.2751178,-3.567237,0.5,8
101,4053,1,0.226697147,0.231874019,-0.9955635,-3.755479,0.5,8
101,4054,1,0.3827004,0.0800725,0.231537655,-3.47393513,0.5,8
101,4055,1,0.37898913,0.1928651,-0.140283972,-3.45128679,0.5,8
101,4056,1,0.3360538,-0.26682204,0.931176066,-4.238969,0.5,8
101,4057,1,1.15333569,-0.005707845,-0.268028438,-0.6700632,0.5,8
101,4058,1,1.03889084,0.0236491635,0.553732932,-1.3198669,0.5,8
101,4059,1,0.864951253,0.0490314849,0.599225342,-2.52832222,0.5,8
101,4060,1,0.7292514,0.09227832,1.02278173,-2.92223239,0.5,8
101,4061,1,0.627079666,0.114457212,0.854495049,-3.401093,0.5,8
101,4062,1,0.262544572,0.12548691,0.238077462,-4.0573864,0.5,8
101,4063,1,0.833512962,-0.181650549,0.5462843,-2.06682444,0.5,8
101,4064,1,0.8331119,-0.3285718,1.54938638,-2.619774,0.5,8
101,4065,1,0.6730077,-0.388359845,1.56992257,-3.81000328,0.5,8
101,4066,1,1.0241605,-0.505305231,0.7306244,-2.713657,0.5,8
101,4067,1,0.76558733,-0.169278637,0.6458187,-2.39484334,0.5,8
101,4068,1,0.3793334,-0.1765635,0.475272864,-3.90217686,0.5,8
101,4069,1,0.7850943,-0.579920232,1.78206539,-3.75028753,0.5,8
101,4070,1,0.748533249,-0.310926378,1.72226667,-3.40963221,0.5,8
101,4071,1,1.05624461,-0.420182258,0.6350669,-2.16995525,0.5,8
101,4072,1,0.518112063,-0.107693136,0.9350204,-3.38412118,0.5,8
101,4073,1,0.512158453,-0.221778288,1.76499259,-3.365471,0.5,8
101,4074,1,0.736642838,-0.4727377,1.573327,-3.46449637,0.5,8
101,4075,1,0.3008069,-0.0296291281,0.272192,-3.67318273,0.5,8
101,4076,1,0.6433007,-0.277152628,1.82491112,-3.73434687,0.5,8
101,4077,1,1.0332582,-0.209890336,0.938957,-1.19512153,0.5,8
101,4078,1,0.9141681,-0.3446585,1.33603251,-2.312173,0.5,8
101,4079,1,0.25153318,-0.121769093,0.271893829,-4.640751,0.5,8
101,4080,1,0.612644136,-0.132323146,1.15568566,-3.16355634,0.5,8
101,4081,1,0.2143876,-0.234648958,0.0520810336,-5.1723814,0.5,8
101,4082,1,0.8181633,-0.682798862,1.56719053,-3.8230648,0.5,8
101,4083,1,0.919243753,-0.5690669,0.932535,-3.22956848,0.5,8
101,4084,1,0.5478882,-0.329768151,1.71440017,-3.81204915,0.5,8
101,4085,1,0.6930385,-0.153397083,0.8718294,-2.85165215,0.5,8
101,4086,1,0.41034016,-0.620178044,2.029608,-4.91828728,0.5,8
101,4087,1,0.224385336,-0.358262867,1.019939,-5.16134453,0.5,8
101,4088,1,0.103795692,-0.268776923,0.378153473,-5.61312342,0.5,8
101,4089,1,0.149896741,0.03514065,-0.374147236,-4.036034,0.5,8
101,4090,1,0.990998268,-0.593317747,0.9349066,-3.02960777,0.5,8
101,4091,1,0.754096031,-0.744071841,2.26132846,-4.96648073,0.5,8
101,4092,1,0.6535297,-0.5457681,2.36781716,-4.260753,0.5,8
101,4093,1,0.416079372,-0.069056496,0.772936463,-3.49259,0.5,8
101,4094,1,0.449950278,-0.5050651,1.99849641,-4.52286243,0.5,8
101,4095,1,0.132284477,-0.07211609,-0.1868717,-4.96011639,0.5,8
111,3983,1,0.5102009,-1.36638343,3.2582233,-1.07578361,0.5,8
111,3984,1,0.644748032,-1.37037218,1.64179373,0.31702444,0.5,8
111,3985,1,1.201488,-1.23581672,0.693708539,2.622843,0.5,8
111,3986,1,0.8934294,-0.5011285,-1.048018,-1.13115764,0.5,8
111,3987,1,0.568791866,-1.12317181,0.3450972,-3.52058864,0.5,8
111,3988,1,0.7983444,-1.40680933,1.60577321,3.06292176,0.5,8
111,3989,1,0.7179281,-1.4364655,2.95905733,-0.433071554,0.5,8
111,3990,1,0.595459044,-1.26806879,1.07358038,0.335993528,0.5,8
111,3991,1,0.5434039,-1.42374086,3.23049045,-0.6059156,0.5,8
111,3992,1,0.566347,-1.46334076,2.78637838,0.452407479,0.5,8
111,3993,1,1.25456262,-1.14486384,1.08456826,3.87601542,0.5,8
111,3994,1,0.9225141,-0.90907836,0.07052742,-2.20620036,0.5,8
111,3995,1,1.03652811,-1.11794651,0.8657764,-0.125048578,0.5,8
111,3996,1,0.6615738,-1.20676792,0.48082602,-0.6059778,0.5,8
111,3997,1,0.784168661,-1.56189728,1.67186046,2.671644,0.5,8
111,3998,1,0.844522536,-1.32366669,1.92261648,2.48966932,0.5,8
111,3999,1,0.571376443,-1.34209788,2.089445,0.210330471,0.5,8
111,4000,1,0.8733803,-1.39799118,2.61755776,2.7747817,0.5,8
111,4001,1,1.04291475,-0.62535876,-0.449309438,-1.39394128,0.5,8
111,4002,1,1.04649591,-1.25869238,1.871304,2.641023,0.5,8
111,4003,1,0.8953952,-1.25609934,1.52599227,2.49831772,0.5,8
111,4004,1,0.75462,-1.19597328,-1.21595347,-0.120875224,0.5,8
111,4005,1,0.844414353,-1.61413848,2.64033985,2.47605777,0.5,8
111,4006,1,0.9870701,-1.43560815,1.32461047,2.70691776,0.5,8
111,4007,1,0.821261048,-1.48891854,1.96733367,2.25673318,0.5,8
111,4008,1,0.369955868,-1.12419748,3.63801455,-3.51354647,0.5,8
111,4009,1,0.9100407,-0.338101834,-0.675407052,-0.8384412,0.5,8
111,4010,1,1.10067213,-0.756869555,0.362370282,-1.87421131,0.5,8
111,4011,1,0.9066195,-1.46003735,2.88814235,3.37193513,0.5,8
111,4012,1,0.9536665,-1.36401391,0.110795654,2.92529249,0.5,8
111,4013,1,1.26562464,-1.40935063,1.50630832,3.492471,0.5,8
111,4014,1,0.8958472,-1.6034255,4.17050028,2.96600485,0.5,8
111,4015,1,0.7541145,-1.498454,2.68309712,1.9516319,0.5,8
111,4016,1,0.904998064,-0.6836953,-0.198406383,-1.94445837,0.5,8
111,4017,1,0.9704789,-1.29471052,0.436110228,2.30614,0.5,8
111,4018,1,1.21677673,-1.3267113,2.84840846,2.27450323,0.5,8
111,4019,1,0.765310645,-1.28727591,-0.207784072,2.49234676,0.5,8
111,4020,1,0.7398029,-1.63592839,3.62087464,2.33203125,0.5,8
111,4021,1,0.714387655,-1.52698731,3.64659286,2.49507761,0.5,8
111,4022,1,0.591250241,-1.50636554,2.66102219,0.9854051,0.5,8
111,4023,1,1.27571571,-1.21131158,0.9153125,5.14118528,0.5,8
111,4024,1,0.9508194,-0.2073368,-1.37891448,0.194740579,0.5,8
111,4025,1,1.31276393,-1.32769084,1.41563535,4.8541975,0.5,8
111,4026,1,1.159879,-1.38590193,2.538821,2.77602673,0.5,8
111,4027,1,1.00335276,-1.50591147,1.25012338,2.59371281,0.5,8
111,4028,1,0.6426746,-1.59514916,3.32584715,0.4906073,0.5,8
111,4029,1,0.6592269,-1.44478679,3.73284125,2.44688869,0.5,8
111,4030,1,1.32478535,-1.36548626,1.8248086,3.986044,0.5,8
111,4031,1,1.0890274,-1.427283,3.123021,3.5400064,0.5,8
111,4032,1,1.00037932,-1.0141331,0.262911171,-2.18682,0.5,8
111,4033,1,1.29607177,-1.27525592,1.51631582,3.95912337,0.5,8
111,4034,1,0.9349546,-1.522384,4.139711,2.76947355,0.5,8
111,4035,1,0.6650179,-1.63373315,2.98371029,1.36532116,0.5,8
111,4036,1,0.6148843,-1.54715872,2.666962,1.27532506,0.5,8
111,4037,1,1.22505915,-1.43815184,2.419525,3.946421,0.5,8
111,4038,1,1.04092133,-1.35532928,0.234683529,3.882847,0.5,8
111,4039,1,1.03915715,-1.57019734,2.78778219,3.31557536,0.5,8
111,4040,1,1.08661532,-1.536488,2.05288386,3.02140117,0.5,8
111,4041,1,1.17870748,-1.4710753,2.83654022,4.02011538,0.5,8
111,4042,1,0.7889399,-1.62569344,3.24772048,2.417889,0.5,8
111,4043,1,1.13557446,-1.50171256,2.85772252,3.82810163,0.5,8
111,4044,1,0.9940639,-1.58296764,2.86362886,3.02077031,0.5,8
111,4045,1,0.9478357,-1.59259665,3.83307,3.0687983,0.5,8
111,4046,1,0.673662364,-1.64866114,2.80546713,1.78295922,0.5,8
111,4047,1,0.8087178,0.08926204,-3.03861618,2.24009323,0.5,8
111,4048,1,0.6795446,0.0090647,-2.49138212,1.985294,0.5,8
111,4049,1,0.749598145,0.0473873951,-2.51768017,2.26131821,0.5,8
111,4050,1,0.611953735,-0.02791088,-2.465119,1.719459,0.5,8
111,4051,1,0.477951139,-0.0962385,-2.46412015,1.20260441,0.5,8
111,4052,1,0.410776943,-0.126030132,-2.41202426,0.970772147,0.5,8
111,4053,1,0.0176321045,-0.277390361,-1.4860239,-0.130489215,0.5,8
111,4054,1,0.335427523,-0.159447446,-1.99942791,0.859277666,0.5,8
111,4055,1,0.235802874,-0.201618537,-1.81898618,0.5553808,0.5,8
111,4056,1,0.536984861,-1.20671141,2.07476377,-2.34396625,0.5,8
111,4057,1,0.7788649,0.167550176,-3.0754993,2.2701025,0.5,8
111,4058,1,0.6823849,0.124761462,-3.593672,1.69043636,0.5,8
111,4059,1,0.5799643,0.07933812,-3.65348673,1.28051579,0.5,8
111,4060,1,0.4658292,0.0287194364,-3.753169,0.8287289,0.5,8
111,4061,1,0.5460204,-0.06397969,-2.44195747,1.45886219,0.5,8
111,4062,1,0.122345284,-0.242314354,-2.02922034,0.07637451,0.5,8
111,4063,1,0.790897548,-0.448298663,-1.1252315,-1.36974823,0.5,8
111,4064,1,0.797979534,-0.8050832,-0.355498642,-2.4380157,0.5,8
111,4065,1,0.8222594,-1.09507608,0.511499345,-1.7062763,0.5,8
111,4066,1,1.15949285,-1.03848445,0.7579044,-1.70967162,0.5,8
111,4067,1,0.751848161,-0.656548142,-0.4758674,-2.08332968,0.5,8
111,4068,1,0.47564593,-1.027038,0.7008391,-4.1790247,0.5,8
111,4069,1,0.967272639,-1.20072317,0.5317066,2.33136582,0.5,8
111,4070,1,0.8139941,-0.9899438,0.196469426,-2.27762723,0.5,8
111,4071,1,1.1248703,-0.8998173,0.452514738,-1.9706409,0.5,8
111,4072,1,0.50034827,-0.8884722,-0.307691,-4.04440737,0.5,8
111,4073,1,0.5981946,-0.989223063,0.0606566556,-3.66399169,0.5,8
111,4074,1,0.9126708,-1.14501071,0.489925236,0.07270275,0.5,8
111,4075,1,0.276458919,-0.8531481,0.197180137,-4.29606152,0.5,8
111,4076,1,0.7246287,-0.9029574,-0.342345655,-2.53673387,0.5,8
111,4077,1,1.0195173,-0.4464414,-0.512937367,-0.8967719,0.5,8
111,4078,1,0.96142596,-0.793591142,-0.140423968,-1.802634,0.5,8
111,4079,1,0.3858097,-1.05527127,1.81490171,-2.56567454,0.5,8
111,4080,1,0.610463262,-0.630025,-0.3064987,-2.48815751,0.5,8
111,4081,1,0.428365171,-1.178441,1.562946,-2.55983067,0.5,8
111,4082,1,1.12625062,-1.22745788,0.140806764,3.35248733,0.5,8
111,4083,1,1.0797919,-1.175559,1.06026459,2.10269976,0.5,8
111,4084,1,0.693780363,-1.09266722,0.305197269,-3.33342838,0.5,8
111,4085,1,0.616291642,-0.8125026,-0.6053132,-2.91470957,0.5,8
111,4086,1,0.7257423,-1.35383308,0.3679532,2.29271126,0.5,8
111,4087,1,0.47567746,-1.30676568,2.98732781,-1.04662573,0.5,8
111,4088,1,0.444884151,-1.25358951,3.048818,-1.54405892,0.5,8
111,4089,1,0.193419009,-0.8193401,2.066715,-3.04311681,0.5,8
111,4090,1,1.18610919,-1.12179339,0.281950355,1.205148,0.5,8
111,4091,1,1.11597073,-1.31670046,1.54876721,2.45178747,0.5,8
111,4092,1,0.830385447,-1.20536792,-0.111610264,2.44445443,0.5,8
111,4093,1,0.3849918,-0.754521251,-0.387210637,-3.46391,0.5,8
111,4094,1,0.6824665,-1.28216338,0.561796367,0.9291053,0.5,8
111,4095,1,0.280887574,-0.9703876,2.84016418,-3.26741433,0.5,8
