mode,particles,sample,steps,synchronized_step_ms,notes
ACurrent,100,0,5,1.9998200000000002,CPU_submission_plus_GPU_completion_no_rendering
ACurrent,100,1,5,1.96862,CPU_submission_plus_GPU_completion_no_rendering
ACurrent,100,2,5,2.18824,CPU_submission_plus_GPU_completion_no_rendering
ACurrent,100,3,5,2.05248,CPU_submission_plus_GPU_completion_no_rendering
ACurrent,100,4,5,2.0852,CPU_submission_plus_GPU_completion_no_rendering
ACurrent,300,0,5,2.12256,CPU_submission_plus_GPU_completion_no_rendering
ACurrent,300,1,5,1.86064,CPU_submission_plus_GPU_completion_no_rendering
ACurrent,300,2,5,1.93138,CPU_submission_plus_GPU_completion_no_rendering
ACurrent,300,3,5,1.86688,CPU_submission_plus_GPU_completion_no_rendering
ACurrent,300,4,5,1.8911000000000002,CPU_submission_plus_GPU_completion_no_rendering
ACurrent,600,0,5,1.95274,CPU_submission_plus_GPU_completion_no_rendering
ACurrent,600,1,5,1.9118000000000002,CPU_submission_plus_GPU_completion_no_rendering
ACurrent,600,2,5,2.0171200000000002,CPU_submission_plus_GPU_completion_no_rendering
ACurrent,600,3,5,2.16018,CPU_submission_plus_GPU_completion_no_rendering
ACurrent,600,4,5,1.9037600000000001,CPU_submission_plus_GPU_completion_no_rendering
ACurrent,1000,0,5,2.37554,CPU_submission_plus_GPU_completion_no_rendering
ACurrent,1000,1,5,2.2111600000000005,CPU_submission_plus_GPU_completion_no_rendering
ACurrent,1000,2,5,2.22334,CPU_submission_plus_GPU_completion_no_rendering
ACurrent,1000,3,5,2.10842,CPU_submission_plus_GPU_completion_no_rendering
ACurrent,1000,4,5,2.32614,CPU_submission_plus_GPU_completion_no_rendering
BReferencePhysics,100,0,5,2.1147400000000003,CPU_submission_plus_GPU_completion_no_rendering
BReferencePhysics,100,1,5,2.02514,CPU_submission_plus_GPU_completion_no_rendering
BReferencePhysics,100,2,5,1.9337600000000001,CPU_submission_plus_GPU_completion_no_rendering
BReferencePhysics,100,3,5,1.9579800000000003,CPU_submission_plus_GPU_completion_no_rendering
BReferencePhysics,100,4,5,2.03528,CPU_submission_plus_GPU_completion_no_rendering
BReferencePhysics,300,0,5,1.8326800000000003,CPU_submission_plus_GPU_completion_no_rendering
BReferencePhysics,300,1,5,1.90788,CPU_submission_plus_GPU_completion_no_rendering
BReferencePhysics,300,2,5,1.97244,CPU_submission_plus_GPU_completion_no_rendering
BReferencePhysics,300,3,5,2.0357600000000002,CPU_submission_plus_GPU_completion_no_rendering
BReferencePhysics,300,4,5,1.9724,CPU_submission_plus_GPU_completion_no_rendering
BReferencePhysics,600,0,5,1.96938,CPU_submission_plus_GPU_completion_no_rendering
BReferencePhysics,600,1,5,1.85626,CPU_submission_plus_GPU_completion_no_rendering
BReferencePhysics,600,2,5,2.1488,CPU_submission_plus_GPU_completion_no_rendering
BReferencePhysics,600,3,5,1.9968400000000002,CPU_submission_plus_GPU_completion_no_rendering
BReferencePhysics,600,4,5,1.87874,CPU_submission_plus_GPU_completion_no_rendering
BReferencePhysics,1000,0,5,1.9181000000000001,CPU_submission_plus_GPU_completion_no_rendering
BReferencePhysics,1000,1,5,1.80702,CPU_submission_plus_GPU_completion_no_rendering
BReferencePhysics,1000,2,5,1.8720000000000003,CPU_submission_plus_GPU_completion_no_rendering
BReferencePhysics,1000,3,5,2.0881,CPU_submission_plus_GPU_completion_no_rendering
BReferencePhysics,1000,4,5,1.8458400000000001,CPU_submission_plus_GPU_completion_no_rendering
CReferenceSurface,100,0,5,1.96038,CPU_submission_plus_GPU_completion_no_rendering
CReferenceSurface,100,1,5,1.8503,CPU_submission_plus_GPU_completion_no_rendering
CReferenceSurface,100,2,5,1.93916,CPU_submission_plus_GPU_completion_no_rendering
CReferenceSurface,100,3,5,2.1208,CPU_submission_plus_GPU_completion_no_rendering
CReferenceSurface,100,4,5,2.11252,CPU_submission_plus_GPU_completion_no_rendering
CReferenceSurface,300,0,5,1.99206,CPU_submission_plus_GPU_completion_no_rendering
CReferenceSurface,300,1,5,1.84726,CPU_submission_plus_GPU_completion_no_rendering
CReferenceSurface,300,2,5,2.09512,CPU_submission_plus_GPU_completion_no_rendering
CReferenceSurface,300,3,5,2.0633000000000004,CPU_submission_plus_GPU_completion_no_rendering
CReferenceSurface,300,4,5,2.05442,CPU_submission_plus_GPU_completion_no_rendering
CReferenceSurface,600,0,5,2.07018,CPU_submission_plus_GPU_completion_no_rendering
CReferenceSurface,600,1,5,2.0306800000000003,CPU_submission_plus_GPU_completion_no_rendering
CReferenceSurface,600,2,5,1.89116,CPU_submission_plus_GPU_completion_no_rendering
CReferenceSurface,600,3,5,2.12622,CPU_submission_plus_GPU_completion_no_rendering
CReferenceSurface,600,4,5,1.8478999999999999,CPU_submission_plus_GPU_completion_no_rendering
CReferenceSurface,1000,0,5,1.89116,CPU_submission_plus_GPU_completion_no_rendering
CReferenceSurface,1000,1,5,2.37742,CPU_submission_plus_GPU_completion_no_rendering
CReferenceSurface,1000,2,5,1.9220000000000002,CPU_submission_plus_GPU_completion_no_rendering
CReferenceSurface,1000,3,5,2.0357200000000004,CPU_submission_plus_GPU_completion_no_rendering
CReferenceSurface,1000,4,5,2.10604,CPU_submission_plus_GPU_completion_no_rendering
