scenario,count,operation,sample,wall_ms_per_operation
contained-and-stream,100,Step,0,3.483133
contained-and-stream,100,Step,1,3.438733
contained-and-stream,100,Step,2,3.654100
contained-and-stream,100,Step,3,3.238867
contained-and-stream,100,Step,4,3.497633
contained-and-stream,100,Step,5,3.549433
contained-and-stream,100,Step,6,3.804767
contained-and-stream,100,Step,7,4.005067
contained-and-stream,100,Step,8,3.929167
contained-and-stream,300,Step,0,5.831600
contained-and-stream,300,Step,1,5.636167
contained-and-stream,300,Step,2,5.725933
contained-and-stream,300,Step,3,5.890600
contained-and-stream,300,Step,4,5.281067
contained-and-stream,300,Step,5,5.306233
contained-and-stream,300,Step,6,5.965300
contained-and-stream,300,Step,7,5.940133
contained-and-stream,300,Step,8,5.705400
contained-and-stream,600,Step,0,5.642433
contained-and-stream,600,Step,1,5.303967
contained-and-stream,600,Step,2,5.257400
contained-and-stream,600,Step,3,5.318467
contained-and-stream,600,Step,4,5.212367
contained-and-stream,600,Step,5,5.391833
contained-and-stream,600,Step,6,5.362600
contained-and-stream,600,Step,7,5.208400
contained-and-stream,600,Step,8,5.296700
contained-and-stream,1000,Step,0,5.226767
contained-and-stream,1000,Step,1,5.417567
contained-and-stream,1000,Step,2,5.474333
contained-and-stream,1000,Step,3,5.401733
contained-and-stream,1000,Step,4,5.638100
contained-and-stream,1000,Step,5,5.622567
contained-and-stream,1000,Step,6,5.395867
contained-and-stream,1000,Step,7,5.460167
contained-and-stream,1000,Step,8,5.310033
contained-and-stream,1000,SweepBoundaries,0,0.092842
contained-and-stream,1000,SweepBoundaries,1,0.092375
contained-and-stream,1000,SweepBoundaries,2,0.075817
contained-and-stream,1000,SweepBoundaries,3,0.078408
contained-and-stream,1000,SweepBoundaries,4,0.062133
contained-and-stream,1000,SweepBoundaries,5,0.065208
contained-and-stream,1000,SweepBoundaries,6,0.066617
contained-and-stream,1000,SweepBoundaries,7,0.077692
contained-and-stream,1000,SweepBoundaries,8,0.065733
contained-and-stream,1000,CalculateDensityLambda,0,0.068008
contained-and-stream,1000,CalculateDensityLambda,1,0.065917
contained-and-stream,1000,CalculateDensityLambda,2,0.097667
contained-and-stream,1000,CalculateDensityLambda,3,0.070575
contained-and-stream,1000,CalculateDensityLambda,4,0.075258
contained-and-stream,1000,CalculateDensityLambda,5,0.065508
contained-and-stream,1000,CalculateDensityLambda,6,0.112133
contained-and-stream,1000,CalculateDensityLambda,7,0.077100
contained-and-stream,1000,CalculateDensityLambda,8,0.066800
contained-and-stream,1000,CalculatePositionDelta,0,0.073525
contained-and-stream,1000,CalculatePositionDelta,1,0.066708
contained-and-stream,1000,CalculatePositionDelta,2,0.079167
contained-and-stream,1000,CalculatePositionDelta,3,0.082408
contained-and-stream,1000,CalculatePositionDelta,4,0.070600
contained-and-stream,1000,CalculatePositionDelta,5,0.070017
contained-and-stream,1000,CalculatePositionDelta,6,0.084975
contained-and-stream,1000,CalculatePositionDelta,7,0.104125
contained-and-stream,1000,CalculatePositionDelta,8,0.067833
contained-and-stream,1000,ApplyDeltaAndBoundaries,0,0.102450
contained-and-stream,1000,ApplyDeltaAndBoundaries,1,0.072792
contained-and-stream,1000,ApplyDeltaAndBoundaries,2,0.076358
contained-and-stream,1000,ApplyDeltaAndBoundaries,3,0.070533
contained-and-stream,1000,ApplyDeltaAndBoundaries,4,0.114717
contained-and-stream,1000,ApplyDeltaAndBoundaries,5,0.087908
contained-and-stream,1000,ApplyDeltaAndBoundaries,6,0.073400
contained-and-stream,1000,ApplyDeltaAndBoundaries,7,0.070442
contained-and-stream,1000,ApplyDeltaAndBoundaries,8,0.091808
contained-and-stream,1000,UpdateVelocities,0,0.458142
contained-and-stream,1000,UpdateVelocities,1,0.490992
contained-and-stream,1000,UpdateVelocities,2,0.489000
contained-and-stream,1000,UpdateVelocities,3,0.485675
contained-and-stream,1000,UpdateVelocities,4,0.461642
contained-and-stream,1000,UpdateVelocities,5,0.485325
contained-and-stream,1000,UpdateVelocities,6,0.540450
contained-and-stream,1000,UpdateVelocities,7,0.487592
contained-and-stream,1000,UpdateVelocities,8,0.460275
contained-and-stream,1000,MixComposition,0,0.024617
contained-and-stream,1000,MixComposition,1,0.025917
contained-and-stream,1000,MixComposition,2,0.043600
contained-and-stream,1000,MixComposition,3,0.022050
contained-and-stream,1000,MixComposition,4,0.027500
contained-and-stream,1000,MixComposition,5,0.025450
contained-and-stream,1000,MixComposition,6,0.029867
contained-and-stream,1000,MixComposition,7,0.030442
contained-and-stream,1000,MixComposition,8,0.051008
contained-and-stream,1000,BuildStreamSurface,0,0.061933
contained-and-stream,1000,BuildStreamSurface,1,0.030142
contained-and-stream,1000,BuildStreamSurface,2,0.029508
contained-and-stream,1000,BuildStreamSurface,3,0.033400
contained-and-stream,1000,BuildStreamSurface,4,0.028325
contained-and-stream,1000,BuildStreamSurface,5,0.026508
contained-and-stream,1000,BuildStreamSurface,6,0.073400
contained-and-stream,1000,BuildStreamSurface,7,0.031700
contained-and-stream,1000,BuildStreamSurface,8,0.024233
