case,mode,vessel,requested_ml,accepted_ml,time_s,active_count,owner_count,active_ml,owner_ml,free_ml,other_owner_ml,retired_ml,owned_inside_ml,p95_center_height,max_center_height,max_extent_height,owner_speed_rms
ACurrent-Glass_highball-30ml,ACurrent,Glass_highball,30,30,0.19999999552965164,60,60,30,30,0,0,0,30,0.70796728134155273,0.70796835422515869,0.7729683518409729,1.53853178024292
ACurrent-Glass_highball-30ml,ACurrent,Glass_highball,30,30,0.39999999105930328,60,60,30,30,0,0,0,30,0.28425276279449463,0.33690309524536133,0.40190309286117554,0.6891511082649231
ACurrent-Glass_highball-30ml,ACurrent,Glass_highball,30,30,0.59999998658895493,60,60,30,30,0,0,0,30,0.37137973308563232,0.48078656196594238,0.54578655958175659,0.33310118317604065
ACurrent-Glass_highball-30ml,ACurrent,Glass_highball,30,30,0.79999998211860657,60,60,30,30,0,0,0,30,0.27528250217437744,0.33307802677154541,0.39807802438735962,0.23568426072597504
ACurrent-Glass_highball-30ml,ACurrent,Glass_highball,30,30,0.99999997764825821,60,60,30,30,0,0,0,30,0.28817474842071533,0.33280694484710693,0.39780694246292114,0.14600224792957306
ACurrent-Glass_highball-30ml,ACurrent,Glass_highball,30,30,1.1999999731779099,60,60,30,30,0,0,0,30,0.28652632236480713,0.31509876251220703,0.38009876012802124,0.097621999680995941
ACurrent-Glass_highball-30ml,ACurrent,Glass_highball,30,30,1.3999999687075615,60,60,30,30,0,0,0,30,0.27565932273864746,0.321530818939209,0.38653081655502319,0.065625697374343872
ACurrent-Glass_highball-30ml,ACurrent,Glass_highball,30,30,1.5999999642372131,60,60,30,30,0,0,0,30,0.27637732028961182,0.31287753582000732,0.37787753343582153,0.059970743954181671
ACurrent-Glass_highball-30ml,ACurrent,Glass_highball,30,30,1.7999999597668648,60,60,30,30,0,0,0,30,0.2732245922088623,0.30238974094390869,0.3673897385597229,0.049389589577913284
ACurrent-Glass_highball-30ml,ACurrent,Glass_highball,30,30,1.9999999552965164,60,60,30,30,0,0,0,30,0.27103173732757568,0.30361020565032959,0.3686102032661438,0.039014138281345367
ACurrent-Glass_highball-30ml,ACurrent,Glass_highball,30,30,2.1999999508261681,60,60,30,30,0,0,0,30,0.27269124984741211,0.30461382865905762,0.36961382627487183,0.042505059391260147
ACurrent-Glass_highball-30ml,ACurrent,Glass_highball,30,30,2.3999999463558197,60,60,30,30,0,0,0,30,0.28024756908416748,0.29965806007385254,0.36465805768966675,0.042761258780956268
ACurrent-Glass_highball-30ml,ACurrent,Glass_highball,30,30,2.5999999418854713,60,60,30,30,0,0,0,30,0.27943515777587891,0.29356193542480469,0.3585619330406189,0.029989758506417274
ACurrent-Glass_highball-30ml,ACurrent,Glass_highball,30,30,2.799999937415123,60,60,30,30,0,0,0,30,0.27881574630737305,0.3024444580078125,0.36744445562362671,0.021569712087512016
ACurrent-Glass_highball-30ml,ACurrent,Glass_highball,30,30,2.9999999329447746,60,60,30,30,0,0,0,30,0.27817785739898682,0.30392122268676758,0.36892122030258179,0.014655082486569881
ACurrent-Glass_highball-30ml,ACurrent,Glass_highball,30,30,3.1999999284744263,60,60,30,30,0,0,0,30,0.27883148193359375,0.29972517490386963,0.36472517251968384,0.01686549186706543
ACurrent-Glass_highball-30ml,ACurrent,Glass_highball,30,30,3.3999999240040779,60,60,30,30,0,0,0,30,0.27982616424560547,0.29844093322753906,0.36344093084335327,0.0086160628125071526
ACurrent-Glass_highball-30ml,ACurrent,Glass_highball,30,30,3.5999999195337296,60,60,30,30,0,0,0,30,0.2794497013092041,0.29678213596343994,0.36178213357925415,0.0092991851270198822
ACurrent-Glass_highball-30ml,ACurrent,Glass_highball,30,30,3.7999999150633812,60,60,30,30,0,0,0,30,0.27881407737731934,0.300748348236084,0.36574834585189819,0.011636808514595032
ACurrent-Glass_highball-30ml,ACurrent,Glass_highball,30,30,3.9999999105930328,60,60,30,30,0,0,0,30,0.27847754955291748,0.30239975452423096,0.36739975214004517,0.0061047393828630447
ACurrent-Glass_highball-30ml,ACurrent,Glass_highball,30,30,4.1999999061226845,60,60,30,30,0,0,0,30,0.27893579006195068,0.30044925212860107,0.36544924974441528,0.008598053827881813
ACurrent-Glass_highball-30ml,ACurrent,Glass_highball,30,30,4.3999999016523361,60,60,30,30,0,0,0,30,0.27942168712615967,0.29890942573547363,0.36390942335128784,0.0077581047080457211
ACurrent-Glass_highball-30ml,ACurrent,Glass_highball,30,30,4.5999998971819878,60,60,30,30,0,0,0,30,0.27927374839782715,0.29857730865478516,0.36357730627059937,0.0072848866693675518
ACurrent-Glass_highball-30ml,ACurrent,Glass_highball,30,30,4.7999998927116394,60,60,30,30,0,0,0,30,0.27895867824554443,0.30033671855926514,0.36533671617507935,0.0071015455760061741
ACurrent-Glass_highball-30ml,ACurrent,Glass_highball,30,30,4.999999888241291,60,60,30,30,0,0,0,30,0.27874481678009033,0.30141818523406982,0.36641818284988403,0.0075776097364723682
ACurrent-Glass_highball-30ml,ACurrent,Glass_highball,30,30,5.1999998837709427,60,60,30,30,0,0,0,30,0.27895820140838623,0.30034399032592773,0.36534398794174194,0.0070186113007366657
ACurrent-Glass_highball-30ml,ACurrent,Glass_highball,30,30,5.3999998793005943,60,60,30,30,0,0,0,30,0.27920520305633545,0.2995002269744873,0.36450022459030151,0.0055374014191329479
ACurrent-Glass_highball-30ml,ACurrent,Glass_highball,30,30,5.599999874830246,60,60,30,30,0,0,0,30,0.27918839454650879,0.29936885833740234,0.36436885595321655,0.0077884397469460964
ACurrent-Glass_highball-30ml,ACurrent,Glass_highball,30,30,5.7999998703598976,60,60,30,30,0,0,0,30,0.27899825572967529,0.30013751983642578,0.36513751745224,0.0064796973019838333
ACurrent-Glass_highball-30ml,ACurrent,Glass_highball,30,30,5.9999998658895493,60,60,30,30,0,0,0,30,0.27889621257781982,0.30079078674316406,0.36579078435897827,0.0050149732269346714
ACurrent-Glass_highball-60ml,ACurrent,Glass_highball,60,60,0.19999999552965164,120,120,60,60,0,0,0,60,1.5042589902877808,1.5042622089385986,1.5692622661590576,1.72947096824646
ACurrent-Glass_highball-60ml,ACurrent,Glass_highball,60,60,0.39999999105930328,120,120,60,60,0,0,0,60,0.93283116817474365,0.93284893035888672,0.99784892797470093,2.436016321182251
ACurrent-Glass_highball-60ml,ACurrent,Glass_highball,60,60,0.59999998658895493,120,120,60,60,0,0,0,60,0.56776750087738037,0.69896900653839111,0.76396900415420532,0.80579817295074463
ACurrent-Glass_highball-60ml,ACurrent,Glass_highball,60,60,0.79999998211860657,120,120,60,60,0,0,0,60,0.69151246547698975,0.84241962432861328,0.90741962194442749,0.327955037355423
ACurrent-Glass_highball-60ml,ACurrent,Glass_highball,60,60,0.99999997764825821,120,120,60,60,0,0,0,60,0.48927485942840576,0.68436455726623535,0.74936455488204956,0.49389085173606873
ACurrent-Glass_highball-60ml,ACurrent,Glass_highball,60,60,1.1999999731779099,120,120,60,60,0,0,0,60,0.50634002685546875,0.54444503784179688,0.60944503545761108,0.2262747585773468
ACurrent-Glass_highball-60ml,ACurrent,Glass_highball,60,60,1.3999999687075615,120,120,60,60,0,0,0,60,0.47250938415527344,0.5278933048248291,0.59289330244064331,0.15150785446166992
ACurrent-Glass_highball-60ml,ACurrent,Glass_highball,60,60,1.5999999642372131,120,120,60,60,0,0,0,60,0.49092638492584229,0.5308762788772583,0.59587627649307251,0.126795694231987
ACurrent-Glass_highball-60ml,ACurrent,Glass_highball,60,60,1.7999999597668648,120,120,60,60,0,0,0,60,0.47728073596954346,0.51562762260437012,0.58062762022018433,0.09344058483839035
ACurrent-Glass_highball-60ml,ACurrent,Glass_highball,60,60,1.9999999552965164,120,120,60,60,0,0,0,60,0.47975099086761475,0.52162325382232666,0.58662325143814087,0.06433868408203125
ACurrent-Glass_highball-60ml,ACurrent,Glass_highball,60,60,2.1999999508261681,120,120,60,60,0,0,0,60,0.48476457595825195,0.50620412826538086,0.57120412588119507,0.05978349968791008
ACurrent-Glass_highball-60ml,ACurrent,Glass_highball,60,60,2.3999999463558197,120,120,60,60,0,0,0,60,0.47882187366485596,0.5116884708404541,0.57668846845626831,0.057812340557575226
ACurrent-Glass_highball-60ml,ACurrent,Glass_highball,60,60,2.5999999418854713,120,120,60,60,0,0,0,60,0.47487461566925049,0.52908813953399658,0.59408813714981079,0.049848649650812149
ACurrent-Glass_highball-60ml,ACurrent,Glass_highball,60,60,2.799999937415123,120,120,60,60,0,0,0,60,0.47799062728881836,0.5172116756439209,0.58221167325973511,0.033980939537286758
ACurrent-Glass_highball-60ml,ACurrent,Glass_highball,60,60,2.9999999329447746,120,120,60,60,0,0,0,60,0.479717493057251,0.51437997817993164,0.57937997579574585,0.028171036392450333
ACurrent-Glass_highball-60ml,ACurrent,Glass_highball,60,60,3.1999999284744263,120,120,60,60,0,0,0,60,0.47887814044952393,0.52063500881195068,0.58563500642776489,0.023472996428608894
ACurrent-Glass_highball-60ml,ACurrent,Glass_highball,60,60,3.3999999240040779,120,120,60,60,0,0,0,60,0.47639369964599609,0.52774941921234131,0.59274941682815552,0.020056545734405518
ACurrent-Glass_highball-60ml,ACurrent,Glass_highball,60,60,3.5999999195337296,120,120,60,60,0,0,0,60,0.47528994083404541,0.52140307426452637,0.58640307188034058,0.018152641132473946
ACurrent-Glass_highball-60ml,ACurrent,Glass_highball,60,60,3.7999999150633812,120,120,60,60,0,0,0,60,0.4758758544921875,0.52351284027099609,0.5885128378868103,0.011792505159974098
ACurrent-Glass_highball-60ml,ACurrent,Glass_highball,60,60,3.9999999105930328,120,120,60,60,0,0,0,60,0.474806547164917,0.5249016284942627,0.5899016261100769,0.012908733449876308
ACurrent-Glass_highball-60ml,ACurrent,Glass_highball,60,60,4.1999999061226845,120,120,60,60,0,0,0,60,0.47609424591064453,0.52540862560272217,0.59040862321853638,0.012057017534971237
ACurrent-Glass_highball-60ml,ACurrent,Glass_highball,60,60,4.3999999016523361,120,120,60,60,0,0,0,60,0.47532784938812256,0.52462506294250488,0.58962506055831909,0.0089245159178972244
ACurrent-Glass_highball-60ml,ACurrent,Glass_highball,60,60,4.5999998971819878,120,120,60,60,0,0,0,60,0.47527611255645752,0.52366769313812256,0.58866769075393677,0.0078726606443524361
ACurrent-Glass_highball-60ml,ACurrent,Glass_highball,60,60,4.7999998927116394,120,120,60,60,0,0,0,60,0.47461056709289551,0.52393448352813721,0.58893448114395142,0.0055102887563407421
ACurrent-Glass_highball-60ml,ACurrent,Glass_highball,60,60,4.999999888241291,120,120,60,60,0,0,0,60,0.47495007514953613,0.524651050567627,0.58965104818344116,0.0075859837234020233
ACurrent-Glass_highball-60ml,ACurrent,Glass_highball,60,60,5.1999998837709427,120,120,60,60,0,0,0,60,0.47517406940460205,0.5242762565612793,0.58927625417709351,0.0045952731743454933
ACurrent-Glass_highball-60ml,ACurrent,Glass_highball,60,60,5.3999998793005943,120,120,60,60,0,0,0,60,0.4762338399887085,0.523521900177002,0.58852189779281616,0.0045783370733261108
ACurrent-Glass_highball-60ml,ACurrent,Glass_highball,60,60,5.599999874830246,120,120,60,60,0,0,0,60,0.47474992275238037,0.523959755897522,0.58895975351333618,0.006767891813069582
ACurrent-Glass_highball-60ml,ACurrent,Glass_highball,60,60,5.7999998703598976,120,120,60,60,0,0,0,60,0.47457206249237061,0.524520993232727,0.58952099084854126,0.0026476951315999031
ACurrent-Glass_highball-60ml,ACurrent,Glass_highball,60,60,5.9999998658895493,120,120,60,60,0,0,0,60,0.47458493709564209,0.524262547492981,0.58926254510879517,0.0046122600324451923
ACurrent-Glass_highball-120ml,ACurrent,Glass_highball,120,80,0.19999999552965164,160,160,80,80,0,0,0,80,1.9591066837310791,2.0729975700378418,2.1379976272583008,1.7740041017532349
ACurrent-Glass_highball-120ml,ACurrent,Glass_highball,120,80,0.39999999105930328,160,160,80,80,0,0,0,80,1.3873646259307861,1.5016107559204102,1.5666108131408691,2.80320143699646
ACurrent-Glass_highball-120ml,ACurrent,Glass_highball,120,80,0.59999998658895493,160,160,80,80,0,0,0,80,0.58707785606384277,0.71094775199890137,0.77594774961471558,1.6963536739349365
ACurrent-Glass_highball-120ml,ACurrent,Glass_highball,120,80,0.79999998211860657,160,160,80,80,0,0,0,80,0.87082946300506592,1.1416975259780884,1.2066974639892578,0.4542543888092041
ACurrent-Glass_highball-120ml,ACurrent,Glass_highball,120,80,0.99999997764825821,160,160,80,80,0,0,0,80,0.79889941215515137,1.2728464603424072,1.3378465175628662,0.51402533054351807
ACurrent-Glass_highball-120ml,ACurrent,Glass_highball,120,80,1.1999999731779099,160,160,80,80,0,0,0,80,0.58858978748321533,1.0074561834335327,1.0724561214447021,0.42117050290107727
ACurrent-Glass_highball-120ml,ACurrent,Glass_highball,120,80,1.3999999687075615,160,160,80,80,0,0,0,80,0.61257660388946533,0.70044350624084473,0.76544350385665894,0.28909251093864441
ACurrent-Glass_highball-120ml,ACurrent,Glass_highball,120,80,1.5999999642372131,160,160,80,80,0,0,0,80,0.60975360870361328,0.67525875568389893,0.74025875329971313,0.14013667404651642
ACurrent-Glass_highball-120ml,ACurrent,Glass_highball,120,80,1.7999999597668648,160,160,80,80,0,0,0,80,0.602841854095459,0.66693711280822754,0.73193711042404175,0.15255899727344513
ACurrent-Glass_highball-120ml,ACurrent,Glass_highball,120,80,1.9999999552965164,160,160,80,80,0,0,0,80,0.60413503646850586,0.66556048393249512,0.73056048154830933,0.10433230549097061
ACurrent-Glass_highball-120ml,ACurrent,Glass_highball,120,80,2.1999999508261681,160,160,80,80,0,0,0,80,0.61323702335357666,0.64300394058227539,0.7080039381980896,0.08178430050611496
ACurrent-Glass_highball-120ml,ACurrent,Glass_highball,120,80,2.3999999463558197,160,160,80,80,0,0,0,80,0.6068342924118042,0.64485490322113037,0.70985490083694458,0.03979748860001564
ACurrent-Glass_highball-120ml,ACurrent,Glass_highball,120,80,2.5999999418854713,160,160,80,80,0,0,0,80,0.60990989208221436,0.64732038974761963,0.71232038736343384,0.053673569113016129
ACurrent-Glass_highball-120ml,ACurrent,Glass_highball,120,80,2.799999937415123,160,160,80,80,0,0,0,80,0.61290693283081055,0.64989662170410156,0.71489661931991577,0.029183343052864075
ACurrent-Glass_highball-120ml,ACurrent,Glass_highball,120,80,2.9999999329447746,160,160,80,80,0,0,0,80,0.60867679119110107,0.64375722408294678,0.708757221698761,0.034250333905220032
ACurrent-Glass_highball-120ml,ACurrent,Glass_highball,120,80,3.1999999284744263,160,160,80,80,0,0,0,80,0.60622787475585938,0.644842267036438,0.7098422646522522,0.023667048662900925
ACurrent-Glass_highball-120ml,ACurrent,Glass_highball,120,80,3.3999999240040779,160,160,80,80,0,0,0,80,0.60834383964538574,0.64680910110473633,0.71180909872055054,0.029082894325256348
ACurrent-Glass_highball-120ml,ACurrent,Glass_highball,120,80,3.5999999195337296,160,160,80,80,0,0,0,80,0.60961794853210449,0.65053641796112061,0.71553641557693481,0.015109580010175705
ACurrent-Glass_highball-120ml,ACurrent,Glass_highball,120,80,3.7999999150633812,160,160,80,80,0,0,0,80,0.61142861843109131,0.64443063735961914,0.70943063497543335,0.021725473925471306
ACurrent-Glass_highball-120ml,ACurrent,Glass_highball,120,80,3.9999999105930328,160,160,80,80,0,0,0,80,0.61138904094696045,0.643378496170044,0.70837849378585815,0.017604805529117584
ACurrent-Glass_highball-120ml,ACurrent,Glass_highball,120,80,4.1999999061226845,160,160,80,80,0,0,0,80,0.61017823219299316,0.64645552635192871,0.71145552396774292,0.017718546092510223
ACurrent-Glass_highball-120ml,ACurrent,Glass_highball,120,80,4.3999999016523361,160,160,80,80,0,0,0,80,0.60778427124023438,0.64758336544036865,0.71258336305618286,0.01539729256182909
ACurrent-Glass_highball-120ml,ACurrent,Glass_highball,120,80,4.5999998971819878,160,160,80,80,0,0,0,80,0.60763704776763916,0.6449664831161499,0.70996648073196411,0.015097732655704021
ACurrent-Glass_highball-120ml,ACurrent,Glass_highball,120,80,4.7999998927116394,160,160,80,80,0,0,0,80,0.6092911958694458,0.64402127265930176,0.709021270275116,0.013807452283799648
ACurrent-Glass_highball-120ml,ACurrent,Glass_highball,120,80,4.999999888241291,160,160,80,80,0,0,0,80,0.611980676651001,0.64700281620025635,0.71200281381607056,0.011221312917768955
ACurrent-Glass_highball-120ml,ACurrent,Glass_highball,120,80,5.1999998837709427,160,160,80,80,0,0,0,80,0.61271631717681885,0.64726412296295166,0.71226412057876587,0.00951756164431572
ACurrent-Glass_highball-120ml,ACurrent,Glass_highball,120,80,5.3999998793005943,160,160,80,80,0,0,0,80,0.61136293411254883,0.64473855495452881,0.709738552570343,0.010763478465378284
ACurrent-Glass_highball-120ml,ACurrent,Glass_highball,120,80,5.599999874830246,160,160,80,80,0,0,0,80,0.60991466045379639,0.6444326639175415,0.70943266153335571,0.010766452178359032
ACurrent-Glass_highball-120ml,ACurrent,Glass_highball,120,80,5.7999998703598976,160,160,80,80,0,0,0,80,0.60927951335906982,0.64603781700134277,0.711037814617157,0.01218473631888628
ACurrent-Glass_highball-120ml,ACurrent,Glass_highball,120,80,5.9999998658895493,160,160,80,80,0,0,0,80,0.609005331993103,0.64625084400177,0.71125084161758423,0.014379353262484074
BReferencePhysics-Glass_highball-30ml,BReferencePhysics,Glass_highball,30,30,0.19999999552965164,60,60,30,30,0,0,0,30,0.8079458475112915,0.84391987323760986,0.90891987085342407,0.93761640787124634
BReferencePhysics-Glass_highball-30ml,BReferencePhysics,Glass_highball,30,30,0.39999999105930328,60,60,30,30,0,0,0,30,0.5862506628036499,0.59389209747314453,0.65889209508895874,0.52057015895843506
BReferencePhysics-Glass_highball-30ml,BReferencePhysics,Glass_highball,30,30,0.59999998658895493,60,60,30,30,0,0,0,30,0.70897305011749268,0.85991156101226807,0.92491155862808228,0.30872482061386108
BReferencePhysics-Glass_highball-30ml,BReferencePhysics,Glass_highball,30,30,0.79999998211860657,60,60,30,30,0,0,0,30,0.66138887405395508,0.79227232933044434,0.85727232694625854,0.36295321583747864
BReferencePhysics-Glass_highball-30ml,BReferencePhysics,Glass_highball,30,30,0.99999997764825821,60,60,30,30,0,0,0,30,0.598962664604187,0.64346051216125488,0.70846050977706909,0.26285010576248169
BReferencePhysics-Glass_highball-30ml,BReferencePhysics,Glass_highball,30,30,1.1999999731779099,60,60,30,30,0,0,0,30,0.66504168510437012,0.71487629413604736,0.77987629175186157,0.15208783745765686
BReferencePhysics-Glass_highball-30ml,BReferencePhysics,Glass_highball,30,30,1.3999999687075615,60,60,30,30,0,0,0,30,0.624066948890686,0.7014775276184082,0.76647752523422241,0.18764723837375641
BReferencePhysics-Glass_highball-30ml,BReferencePhysics,Glass_highball,30,30,1.5999999642372131,60,60,30,30,0,0,0,30,0.61875951290130615,0.65062236785888672,0.71562236547470093,0.1900642067193985
BReferencePhysics-Glass_highball-30ml,BReferencePhysics,Glass_highball,30,30,1.7999999597668648,60,60,30,30,0,0,0,30,0.64920246601104736,0.68087732791900635,0.74587732553482056,0.10259449481964111
BReferencePhysics-Glass_highball-30ml,BReferencePhysics,Glass_highball,30,30,1.9999999552965164,60,60,30,30,0,0,0,30,0.61350858211517334,0.66646683216094971,0.73146682977676392,0.1032351478934288
BReferencePhysics-Glass_highball-30ml,BReferencePhysics,Glass_highball,30,30,2.1999999508261681,60,60,30,30,0,0,0,30,0.62797915935516357,0.68971765041351318,0.75471764802932739,0.0819893628358841
BReferencePhysics-Glass_highball-30ml,BReferencePhysics,Glass_highball,30,30,2.3999999463558197,60,60,30,30,0,0,0,30,0.6253662109375,0.68456363677978516,0.74956363439559937,0.081068553030490875
BReferencePhysics-Glass_highball-30ml,BReferencePhysics,Glass_highball,30,30,2.5999999418854713,60,60,30,30,0,0,0,30,0.62351644039154053,0.66087043285369873,0.72587043046951294,0.070755690336227417
BReferencePhysics-Glass_highball-30ml,BReferencePhysics,Glass_highball,30,30,2.799999937415123,60,60,30,30,0,0,0,30,0.62656295299530029,0.67842531204223633,0.74342530965805054,0.064883939921855927
BReferencePhysics-Glass_highball-30ml,BReferencePhysics,Glass_highball,30,30,2.9999999329447746,60,60,30,30,0,0,0,30,0.63036930561065674,0.67310571670532227,0.73810571432113647,0.055482052266597748
BReferencePhysics-Glass_highball-30ml,BReferencePhysics,Glass_highball,30,30,3.1999999284744263,60,60,30,30,0,0,0,30,0.62140333652496338,0.67464005947113037,0.73964005708694458,0.058938831090927124
BReferencePhysics-Glass_highball-30ml,BReferencePhysics,Glass_highball,30,30,3.3999999240040779,60,60,30,30,0,0,0,30,0.62563109397888184,0.672661304473877,0.73766130208969116,0.047240585088729858
BReferencePhysics-Glass_highball-30ml,BReferencePhysics,Glass_highball,30,30,3.5999999195337296,60,60,30,30,0,0,0,30,0.62043046951293945,0.66997253894805908,0.73497253656387329,0.049554873257875443
BReferencePhysics-Glass_highball-30ml,BReferencePhysics,Glass_highball,30,30,3.7999999150633812,60,60,30,30,0,0,0,30,0.62605607509613037,0.67274034023284912,0.73774033784866333,0.042164091020822525
BReferencePhysics-Glass_highball-30ml,BReferencePhysics,Glass_highball,30,30,3.9999999105930328,60,60,30,30,0,0,0,30,0.62169194221496582,0.67057287693023682,0.735572874546051,0.042856547981500626
BReferencePhysics-Glass_highball-30ml,BReferencePhysics,Glass_highball,30,30,4.1999999061226845,60,60,30,30,0,0,0,30,0.62223756313323975,0.66877245903015137,0.73377245664596558,0.043595835566520691
BReferencePhysics-Glass_highball-30ml,BReferencePhysics,Glass_highball,30,30,4.3999999016523361,60,60,30,30,0,0,0,30,0.62307143211364746,0.672993540763855,0.73799353837966919,0.040374614298343658
BReferencePhysics-Glass_highball-30ml,BReferencePhysics,Glass_highball,30,30,4.5999998971819878,60,60,30,30,0,0,0,30,0.61807370185852051,0.672913670539856,0.73791366815567017,0.0411805659532547
BReferencePhysics-Glass_highball-30ml,BReferencePhysics,Glass_highball,30,30,4.7999998927116394,60,60,30,30,0,0,0,30,0.62264740467071533,0.671237587928772,0.73623758554458618,0.0397329218685627
BReferencePhysics-Glass_highball-30ml,BReferencePhysics,Glass_highball,30,30,4.999999888241291,60,60,30,30,0,0,0,30,0.62161505222320557,0.66946923732757568,0.73446923494338989,0.040029823780059814
BReferencePhysics-Glass_highball-30ml,BReferencePhysics,Glass_highball,30,30,5.1999998837709427,60,60,30,30,0,0,0,30,0.62073850631713867,0.67158424854278564,0.73658424615859985,0.039815407246351242
BReferencePhysics-Glass_highball-30ml,BReferencePhysics,Glass_highball,30,30,5.3999998793005943,60,60,30,30,0,0,0,30,0.62042796611785889,0.67359304428100586,0.73859304189682007,0.039486825466156006
BReferencePhysics-Glass_highball-30ml,BReferencePhysics,Glass_highball,30,30,5.599999874830246,60,60,30,30,0,0,0,30,0.6191098690032959,0.67102909088134766,0.73602908849716187,0.040197137743234634
BReferencePhysics-Glass_highball-30ml,BReferencePhysics,Glass_highball,30,30,5.7999998703598976,60,60,30,30,0,0,0,30,0.6215355396270752,0.669469952583313,0.7344699501991272,0.03821149468421936
BReferencePhysics-Glass_highball-30ml,BReferencePhysics,Glass_highball,30,30,5.9999998658895493,60,60,30,30,0,0,0,30,0.619492769241333,0.67070972919464111,0.73570972681045532,0.040061615407466888
BReferencePhysics-Glass_highball-60ml,BReferencePhysics,Glass_highball,60,60,0.19999999552965164,120,120,60,60,0,0,0,60,1.6012921333312988,1.6290563344955444,1.6940562725067139,1.4310568571090698
BReferencePhysics-Glass_highball-60ml,BReferencePhysics,Glass_highball,60,60,0.39999999105930328,120,120,60,60,0,0,0,60,1.1662822961807251,1.23891282081604,1.303912878036499,1.3766658306121826
BReferencePhysics-Glass_highball-60ml,BReferencePhysics,Glass_highball,60,60,0.59999998658895493,120,120,60,60,0,0,0,60,1.0180872678756714,1.1716896295547485,1.236689567565918,0.75638270378112793
BReferencePhysics-Glass_highball-60ml,BReferencePhysics,Glass_highball,60,60,0.79999998211860657,120,120,60,60,0,0,0,60,1.248263955116272,1.3835275173187256,1.4485275745391846,0.54328465461730957
BReferencePhysics-Glass_highball-60ml,BReferencePhysics,Glass_highball,60,60,0.99999997764825821,120,120,60,60,0,0,0,60,1.3106081485748291,1.49082612991333,1.5558261871337891,0.39863970875740051
BReferencePhysics-Glass_highball-60ml,BReferencePhysics,Glass_highball,60,60,1.1999999731779099,120,120,60,60,0,0,0,60,1.0855958461761475,1.2537614107131958,1.3187613487243652,0.62781363725662231
BReferencePhysics-Glass_highball-60ml,BReferencePhysics,Glass_highball,60,60,1.3999999687075615,120,120,60,60,0,0,0,60,1.0445939302444458,1.1553568840026855,1.2203569412231445,0.32244980335235596
BReferencePhysics-Glass_highball-60ml,BReferencePhysics,Glass_highball,60,60,1.5999999642372131,120,120,60,60,0,0,0,60,1.1887621879577637,1.2737538814544678,1.3387539386749268,0.35617896914482117
BReferencePhysics-Glass_highball-60ml,BReferencePhysics,Glass_highball,60,60,1.7999999597668648,120,120,60,60,0,0,0,60,1.2179901599884033,1.3086791038513184,1.3736791610717773,0.22377550601959229
BReferencePhysics-Glass_highball-60ml,BReferencePhysics,Glass_highball,60,60,1.9999999552965164,120,120,60,60,0,0,0,60,1.0864059925079346,1.1784464120864868,1.2434463500976563,0.31529822945594788
BReferencePhysics-Glass_highball-60ml,BReferencePhysics,Glass_highball,60,60,2.1999999508261681,120,120,60,60,0,0,0,60,1.0894110202789307,1.1770912408828735,1.242091178894043,0.21145442128181458
BReferencePhysics-Glass_highball-60ml,BReferencePhysics,Glass_highball,60,60,2.3999999463558197,120,120,60,60,0,0,0,60,1.1512928009033203,1.2680184841156006,1.3330185413360596,0.21529263257980347
BReferencePhysics-Glass_highball-60ml,BReferencePhysics,Glass_highball,60,60,2.5999999418854713,120,120,60,60,0,0,0,60,1.1667976379394531,1.2657843828201294,1.3307843208312988,0.15295664966106415
BReferencePhysics-Glass_highball-60ml,BReferencePhysics,Glass_highball,60,60,2.799999937415123,120,120,60,60,0,0,0,60,1.1021592617034912,1.1653531789779663,1.2303531169891357,0.19569194316864014
BReferencePhysics-Glass_highball-60ml,BReferencePhysics,Glass_highball,60,60,2.9999999329447746,120,120,60,60,0,0,0,60,1.0912690162658691,1.1602643728256226,1.225264310836792,0.13880717754364014
BReferencePhysics-Glass_highball-60ml,BReferencePhysics,Glass_highball,60,60,3.1999999284744263,120,120,60,60,0,0,0,60,1.1468099355697632,1.2096861600875854,1.2746860980987549,0.13322053849697113
BReferencePhysics-Glass_highball-60ml,BReferencePhysics,Glass_highball,60,60,3.3999999240040779,120,120,60,60,0,0,0,60,1.1521854400634766,1.2187128067016602,1.2837128639221191,0.11903943866491318
BReferencePhysics-Glass_highball-60ml,BReferencePhysics,Glass_highball,60,60,3.5999999195337296,120,120,60,60,0,0,0,60,1.1008385419845581,1.1718974113464355,1.2368974685668945,0.12182542681694031
BReferencePhysics-Glass_highball-60ml,BReferencePhysics,Glass_highball,60,60,3.7999999150633812,120,120,60,60,0,0,0,60,1.1032264232635498,1.1608489751815796,1.225848913192749,0.10644473135471344
BReferencePhysics-Glass_highball-60ml,BReferencePhysics,Glass_highball,60,60,3.9999999105930328,120,120,60,60,0,0,0,60,1.1278829574584961,1.1917065382003784,1.2567064762115479,0.093068167567253113
BReferencePhysics-Glass_highball-60ml,BReferencePhysics,Glass_highball,60,60,4.1999999061226845,120,120,60,60,0,0,0,60,1.115026593208313,1.1951926946640015,1.2601926326751709,0.079102665185928345
BReferencePhysics-Glass_highball-60ml,BReferencePhysics,Glass_highball,60,60,4.3999999016523361,120,120,60,60,0,0,0,60,1.1066069602966309,1.1630706787109375,1.2280707359313965,0.082881651818752289
BReferencePhysics-Glass_highball-60ml,BReferencePhysics,Glass_highball,60,60,4.5999998971819878,120,120,60,60,0,0,0,60,1.1081397533416748,1.175305962562561,1.2403059005737305,0.070089787244796753
BReferencePhysics-Glass_highball-60ml,BReferencePhysics,Glass_highball,60,60,4.7999998927116394,120,120,60,60,0,0,0,60,1.1311867237091064,1.1939523220062256,1.2589523792266846,0.048472970724105835
BReferencePhysics-Glass_highball-60ml,BReferencePhysics,Glass_highball,60,60,4.999999888241291,120,120,60,60,0,0,0,60,1.1259924173355103,1.1900502443313599,1.2550501823425293,0.07812027633190155
BReferencePhysics-Glass_highball-60ml,BReferencePhysics,Glass_highball,60,60,5.1999998837709427,120,120,60,60,0,0,0,60,1.1097214221954346,1.1726665496826172,1.2376666069030762,0.042942728847265244
BReferencePhysics-Glass_highball-60ml,BReferencePhysics,Glass_highball,60,60,5.3999998793005943,120,120,60,60,0,0,0,60,1.114595890045166,1.1738760471343994,1.2388761043548584,0.051059871912002563
BReferencePhysics-Glass_highball-60ml,BReferencePhysics,Glass_highball,60,60,5.599999874830246,120,120,60,60,0,0,0,60,1.1221339702606201,1.1860661506652832,1.2510662078857422,0.04586835578083992
BReferencePhysics-Glass_highball-60ml,BReferencePhysics,Glass_highball,60,60,5.7999998703598976,120,120,60,60,0,0,0,60,1.1158758401870728,1.1821538209915161,1.2471537590026855,0.044152021408081055
BReferencePhysics-Glass_highball-60ml,BReferencePhysics,Glass_highball,60,60,5.9999998658895493,120,120,60,60,0,0,0,60,1.1088528633117676,1.1725469827651978,1.2375469207763672,0.036154106259346008
BReferencePhysics-Glass_highball-120ml,BReferencePhysics,Glass_highball,120,80,0.19999999552965164,160,160,80,80,0,0,0,80,2.0447030067443848,2.1978042125701904,2.2628042697906494,1.5668172836303711
BReferencePhysics-Glass_highball-120ml,BReferencePhysics,Glass_highball,120,80,0.39999999105930328,160,160,80,80,0,0,0,80,1.6405830383300781,1.7975642681121826,1.8625643253326416,1.8394235372543335
BReferencePhysics-Glass_highball-120ml,BReferencePhysics,Glass_highball,120,80,0.59999998658895493,160,160,80,80,0,0,0,80,1.1352299451828003,1.2595934867858887,1.3245935440063477,0.47955864667892456
BReferencePhysics-Glass_highball-120ml,BReferencePhysics,Glass_highball,120,80,0.79999998211860657,160,160,80,80,0,0,0,80,1.4372034072875977,1.5976482629776,1.6626482009887695,1.078097939491272
BReferencePhysics-Glass_highball-120ml,BReferencePhysics,Glass_highball,120,80,0.99999997764825821,160,160,80,80,0,0,0,80,1.696186900138855,1.7967040538787842,1.8617041110992432,0.35129943490028381
BReferencePhysics-Glass_highball-120ml,BReferencePhysics,Glass_highball,120,80,1.1999999731779099,160,160,80,80,0,0,0,80,1.6356251239776611,1.8223603963851929,1.8873603343963623,0.62778127193450928
BReferencePhysics-Glass_highball-120ml,BReferencePhysics,Glass_highball,120,80,1.3999999687075615,160,160,80,80,0,0,0,80,1.3325326442718506,1.4692803621292114,1.5342803001403809,0.7636796236038208
BReferencePhysics-Glass_highball-120ml,BReferencePhysics,Glass_highball,120,80,1.5999999642372131,160,160,80,80,0,0,0,80,1.293203592300415,1.4319136142730713,1.4969136714935303,0.35846024751663208
BReferencePhysics-Glass_highball-120ml,BReferencePhysics,Glass_highball,120,80,1.7999999597668648,160,160,80,80,0,0,0,80,1.4679453372955322,1.5797393321990967,1.6447393894195557,0.54583823680877686
BReferencePhysics-Glass_highball-120ml,BReferencePhysics,Glass_highball,120,80,1.9999999552965164,160,160,80,80,0,0,0,80,1.5685598850250244,1.6920068264007568,1.7570068836212158,0.15421639382839203
BReferencePhysics-Glass_highball-120ml,BReferencePhysics,Glass_highball,120,80,2.1999999508261681,160,160,80,80,0,0,0,80,1.4444150924682617,1.569240927696228,1.6342408657073975,0.46620726585388184
BReferencePhysics-Glass_highball-120ml,BReferencePhysics,Glass_highball,120,80,2.3999999463558197,160,160,80,80,0,0,0,80,1.3231890201568604,1.4241752624511719,1.4891753196716309,0.22896374762058258
BReferencePhysics-Glass_highball-120ml,BReferencePhysics,Glass_highball,120,80,2.5999999418854713,160,160,80,80,0,0,0,80,1.3603445291519165,1.4472723007202148,1.5122723579406738,0.351142555475235
BReferencePhysics-Glass_highball-120ml,BReferencePhysics,Glass_highball,120,80,2.799999937415123,160,160,80,80,0,0,0,80,1.4683476686477661,1.5736120939254761,1.6386120319366455,0.22593474388122559
BReferencePhysics-Glass_highball-120ml,BReferencePhysics,Glass_highball,120,80,2.9999999329447746,160,160,80,80,0,0,0,80,1.4805283546447754,1.5745718479156494,1.6395719051361084,0.19652216136455536
BReferencePhysics-Glass_highball-120ml,BReferencePhysics,Glass_highball,120,80,3.1999999284744263,160,160,80,80,0,0,0,80,1.3859776258468628,1.4613075256347656,1.5263075828552246,0.2726249098777771
BReferencePhysics-Glass_highball-120ml,BReferencePhysics,Glass_highball,120,80,3.3999999240040779,160,160,80,80,0,0,0,80,1.3429737091064453,1.4506781101226807,1.5156781673431396,0.10290726274251938
BReferencePhysics-Glass_highball-120ml,BReferencePhysics,Glass_highball,120,80,3.5999999195337296,160,160,80,80,0,0,0,80,1.4110813140869141,1.5238164663314819,1.5888164043426514,0.21774956583976746
BReferencePhysics-Glass_highball-120ml,BReferencePhysics,Glass_highball,120,80,3.7999999150633812,160,160,80,80,0,0,0,80,1.4651098251342773,1.560659646987915,1.625659704208374,0.07103893905878067
BReferencePhysics-Glass_highball-120ml,BReferencePhysics,Glass_highball,120,80,3.9999999105930328,160,160,80,80,0,0,0,80,1.4313037395477295,1.5231379270553589,1.5881378650665283,0.17883674800395966
BReferencePhysics-Glass_highball-120ml,BReferencePhysics,Glass_highball,120,80,4.1999999061226845,160,160,80,80,0,0,0,80,1.3747363090515137,1.473569393157959,1.538569450378418,0.085626356303691864
BReferencePhysics-Glass_highball-120ml,BReferencePhysics,Glass_highball,120,80,4.3999999016523361,160,160,80,80,0,0,0,80,1.390666127204895,1.4821326732635498,1.5471327304840088,0.13583871722221375
BReferencePhysics-Glass_highball-120ml,BReferencePhysics,Glass_highball,120,80,4.5999998971819878,160,160,80,80,0,0,0,80,1.4232462644577026,1.5318915843963623,1.5968916416168213,0.093289971351623535
BReferencePhysics-Glass_highball-120ml,BReferencePhysics,Glass_highball,120,80,4.7999998927116394,160,160,80,80,0,0,0,80,1.4293248653411865,1.5456836223602295,1.6106836795806885,0.088613919913768768
BReferencePhysics-Glass_highball-120ml,BReferencePhysics,Glass_highball,120,80,4.999999888241291,160,160,80,80,0,0,0,80,1.3944053649902344,1.498100757598877,1.5631008148193359,0.10720045864582062
BReferencePhysics-Glass_highball-120ml,BReferencePhysics,Glass_highball,120,80,5.1999998837709427,160,160,80,80,0,0,0,80,1.3892444372177124,1.4799200296401978,1.5449199676513672,0.092283494770526886
BReferencePhysics-Glass_highball-120ml,BReferencePhysics,Glass_highball,120,80,5.3999998793005943,160,160,80,80,0,0,0,80,1.4059491157531738,1.503261923789978,1.5682618618011475,0.0901399701833725
BReferencePhysics-Glass_highball-120ml,BReferencePhysics,Glass_highball,120,80,5.599999874830246,160,160,80,80,0,0,0,80,1.4168686866760254,1.5321500301361084,1.5971500873565674,0.049275945872068405
BReferencePhysics-Glass_highball-120ml,BReferencePhysics,Glass_highball,120,80,5.7999998703598976,160,160,80,80,0,0,0,80,1.4005509614944458,1.5192290544509888,1.5842289924621582,0.10083573311567307
BReferencePhysics-Glass_highball-120ml,BReferencePhysics,Glass_highball,120,80,5.9999998658895493,160,160,80,80,0,0,0,80,1.3924027681350708,1.49461030960083,1.5596103668212891,0.085578955709934235
CReferenceSurface-Glass_highball-30ml,CReferenceSurface,Glass_highball,30,30,0.19999999552965164,60,60,30,30,0,0,0,30,0.8079458475112915,0.84391987323760986,0.90891987085342407,0.93761640787124634
CReferenceSurface-Glass_highball-30ml,CReferenceSurface,Glass_highball,30,30,0.39999999105930328,60,60,30,30,0,0,0,30,0.5862506628036499,0.59389209747314453,0.65889209508895874,0.52057015895843506
CReferenceSurface-Glass_highball-30ml,CReferenceSurface,Glass_highball,30,30,0.59999998658895493,60,60,30,30,0,0,0,30,0.70897305011749268,0.85991156101226807,0.92491155862808228,0.30872482061386108
CReferenceSurface-Glass_highball-30ml,CReferenceSurface,Glass_highball,30,30,0.79999998211860657,60,60,30,30,0,0,0,30,0.66138887405395508,0.79227232933044434,0.85727232694625854,0.36295321583747864
CReferenceSurface-Glass_highball-30ml,CReferenceSurface,Glass_highball,30,30,0.99999997764825821,60,60,30,30,0,0,0,30,0.598962664604187,0.64346051216125488,0.70846050977706909,0.26285010576248169
CReferenceSurface-Glass_highball-30ml,CReferenceSurface,Glass_highball,30,30,1.1999999731779099,60,60,30,30,0,0,0,30,0.66504168510437012,0.71487629413604736,0.77987629175186157,0.15208783745765686
CReferenceSurface-Glass_highball-30ml,CReferenceSurface,Glass_highball,30,30,1.3999999687075615,60,60,30,30,0,0,0,30,0.624066948890686,0.7014775276184082,0.76647752523422241,0.18764723837375641
CReferenceSurface-Glass_highball-30ml,CReferenceSurface,Glass_highball,30,30,1.5999999642372131,60,60,30,30,0,0,0,30,0.61875951290130615,0.65062236785888672,0.71562236547470093,0.1900642067193985
CReferenceSurface-Glass_highball-30ml,CReferenceSurface,Glass_highball,30,30,1.7999999597668648,60,60,30,30,0,0,0,30,0.64920246601104736,0.68087732791900635,0.74587732553482056,0.10259449481964111
CReferenceSurface-Glass_highball-30ml,CReferenceSurface,Glass_highball,30,30,1.9999999552965164,60,60,30,30,0,0,0,30,0.61350858211517334,0.66646683216094971,0.73146682977676392,0.1032351478934288
CReferenceSurface-Glass_highball-30ml,CReferenceSurface,Glass_highball,30,30,2.1999999508261681,60,60,30,30,0,0,0,30,0.62797915935516357,0.68971765041351318,0.75471764802932739,0.0819893628358841
CReferenceSurface-Glass_highball-30ml,CReferenceSurface,Glass_highball,30,30,2.3999999463558197,60,60,30,30,0,0,0,30,0.6253662109375,0.68456363677978516,0.74956363439559937,0.081068553030490875
CReferenceSurface-Glass_highball-30ml,CReferenceSurface,Glass_highball,30,30,2.5999999418854713,60,60,30,30,0,0,0,30,0.62351644039154053,0.66087043285369873,0.72587043046951294,0.070755690336227417
CReferenceSurface-Glass_highball-30ml,CReferenceSurface,Glass_highball,30,30,2.799999937415123,60,60,30,30,0,0,0,30,0.62656295299530029,0.67842531204223633,0.74342530965805054,0.064883939921855927
CReferenceSurface-Glass_highball-30ml,CReferenceSurface,Glass_highball,30,30,2.9999999329447746,60,60,30,30,0,0,0,30,0.63036930561065674,0.67310571670532227,0.73810571432113647,0.055482052266597748
CReferenceSurface-Glass_highball-30ml,CReferenceSurface,Glass_highball,30,30,3.1999999284744263,60,60,30,30,0,0,0,30,0.62140333652496338,0.67464005947113037,0.73964005708694458,0.058938831090927124
CReferenceSurface-Glass_highball-30ml,CReferenceSurface,Glass_highball,30,30,3.3999999240040779,60,60,30,30,0,0,0,30,0.62563109397888184,0.672661304473877,0.73766130208969116,0.047240585088729858
CReferenceSurface-Glass_highball-30ml,CReferenceSurface,Glass_highball,30,30,3.5999999195337296,60,60,30,30,0,0,0,30,0.62043046951293945,0.66997253894805908,0.73497253656387329,0.049554873257875443
CReferenceSurface-Glass_highball-30ml,CReferenceSurface,Glass_highball,30,30,3.7999999150633812,60,60,30,30,0,0,0,30,0.62605607509613037,0.67274034023284912,0.73774033784866333,0.042164091020822525
CReferenceSurface-Glass_highball-30ml,CReferenceSurface,Glass_highball,30,30,3.9999999105930328,60,60,30,30,0,0,0,30,0.62169194221496582,0.67057287693023682,0.735572874546051,0.042856547981500626
CReferenceSurface-Glass_highball-30ml,CReferenceSurface,Glass_highball,30,30,4.1999999061226845,60,60,30,30,0,0,0,30,0.62223756313323975,0.66877245903015137,0.73377245664596558,0.043595835566520691
CReferenceSurface-Glass_highball-30ml,CReferenceSurface,Glass_highball,30,30,4.3999999016523361,60,60,30,30,0,0,0,30,0.62307143211364746,0.672993540763855,0.73799353837966919,0.040374614298343658
CReferenceSurface-Glass_highball-30ml,CReferenceSurface,Glass_highball,30,30,4.5999998971819878,60,60,30,30,0,0,0,30,0.61807370185852051,0.672913670539856,0.73791366815567017,0.0411805659532547
CReferenceSurface-Glass_highball-30ml,CReferenceSurface,Glass_highball,30,30,4.7999998927116394,60,60,30,30,0,0,0,30,0.62264740467071533,0.671237587928772,0.73623758554458618,0.0397329218685627
CReferenceSurface-Glass_highball-30ml,CReferenceSurface,Glass_highball,30,30,4.999999888241291,60,60,30,30,0,0,0,30,0.62161505222320557,0.66946923732757568,0.73446923494338989,0.040029823780059814
CReferenceSurface-Glass_highball-30ml,CReferenceSurface,Glass_highball,30,30,5.1999998837709427,60,60,30,30,0,0,0,30,0.62073850631713867,0.67158424854278564,0.73658424615859985,0.039815407246351242
CReferenceSurface-Glass_highball-30ml,CReferenceSurface,Glass_highball,30,30,5.3999998793005943,60,60,30,30,0,0,0,30,0.62042796611785889,0.67359304428100586,0.73859304189682007,0.039486825466156006
CReferenceSurface-Glass_highball-30ml,CReferenceSurface,Glass_highball,30,30,5.599999874830246,60,60,30,30,0,0,0,30,0.6191098690032959,0.67102909088134766,0.73602908849716187,0.040197137743234634
CReferenceSurface-Glass_highball-30ml,CReferenceSurface,Glass_highball,30,30,5.7999998703598976,60,60,30,30,0,0,0,30,0.6215355396270752,0.669469952583313,0.7344699501991272,0.03821149468421936
CReferenceSurface-Glass_highball-30ml,CReferenceSurface,Glass_highball,30,30,5.9999998658895493,60,60,30,30,0,0,0,30,0.619492769241333,0.67070972919464111,0.73570972681045532,0.040061615407466888
CReferenceSurface-Glass_highball-60ml,CReferenceSurface,Glass_highball,60,60,0.19999999552965164,120,120,60,60,0,0,0,60,1.6012921333312988,1.6290563344955444,1.6940562725067139,1.4310568571090698
CReferenceSurface-Glass_highball-60ml,CReferenceSurface,Glass_highball,60,60,0.39999999105930328,120,120,60,60,0,0,0,60,1.1662822961807251,1.23891282081604,1.303912878036499,1.376653790473938
CReferenceSurface-Glass_highball-60ml,CReferenceSurface,Glass_highball,60,60,0.59999998658895493,120,120,60,60,0,0,0,60,1.018181324005127,1.1716920137405396,1.236691951751709,0.75637698173522949
CReferenceSurface-Glass_highball-60ml,CReferenceSurface,Glass_highball,60,60,0.79999998211860657,120,120,60,60,0,0,0,60,1.2479913234710693,1.3835023641586304,1.4485023021697998,0.54342073202133179
CReferenceSurface-Glass_highball-60ml,CReferenceSurface,Glass_highball,60,60,0.99999997764825821,120,120,60,60,0,0,0,60,1.3097014427185059,1.4906166791915894,1.5556166172027588,0.39794188737869263
CReferenceSurface-Glass_highball-60ml,CReferenceSurface,Glass_highball,60,60,1.1999999731779099,120,120,60,60,0,0,0,60,1.0853115320205688,1.2535926103591919,1.3185925483703613,0.62498891353607178
CReferenceSurface-Glass_highball-60ml,CReferenceSurface,Glass_highball,60,60,1.3999999687075615,120,120,60,60,0,0,0,60,1.0452897548675537,1.1559888124465942,1.2209887504577637,0.31904381513595581
CReferenceSurface-Glass_highball-60ml,CReferenceSurface,Glass_highball,60,60,1.5999999642372131,120,120,60,60,0,0,0,60,1.1883803606033325,1.2738796472549438,1.3388795852661133,0.35322478413581848
CReferenceSurface-Glass_highball-60ml,CReferenceSurface,Glass_highball,60,60,1.7999999597668648,120,120,60,60,0,0,0,60,1.2165026664733887,1.3113558292388916,1.3763558864593506,0.2272597998380661
CReferenceSurface-Glass_highball-60ml,CReferenceSurface,Glass_highball,60,60,1.9999999552965164,120,120,60,60,0,0,0,60,1.074222207069397,1.1783268451690674,1.2433269023895264,0.31159555912017822
CReferenceSurface-Glass_highball-60ml,CReferenceSurface,Glass_highball,60,60,2.1999999508261681,120,120,60,60,0,0,0,60,1.0858502388000488,1.1755886077880859,1.2405886650085449,0.215531125664711
CReferenceSurface-Glass_highball-60ml,CReferenceSurface,Glass_highball,60,60,2.3999999463558197,120,120,60,60,0,0,0,60,1.1652504205703735,1.2257640361785889,1.2907640933990479,0.203847736120224
CReferenceSurface-Glass_highball-60ml,CReferenceSurface,Glass_highball,60,60,2.5999999418854713,120,120,60,60,0,0,0,60,1.1939715147018433,1.2343270778656006,1.2993271350860596,0.15718047320842743
CReferenceSurface-Glass_highball-60ml,CReferenceSurface,Glass_highball,60,60,2.799999937415123,120,120,60,60,0,0,0,60,1.118635892868042,1.1564271450042725,1.2214272022247314,0.18138957023620605
CReferenceSurface-Glass_highball-60ml,CReferenceSurface,Glass_highball,60,60,2.9999999329447746,120,120,60,60,0,0,0,60,1.1145621538162231,1.1556402444839478,1.2206401824951172,0.13995438814163208
CReferenceSurface-Glass_highball-60ml,CReferenceSurface,Glass_highball,60,60,3.1999999284744263,120,120,60,60,0,0,0,60,1.1681416034698486,1.2202408313751221,1.2852408885955811,0.12760254740715027
CReferenceSurface-Glass_highball-60ml,CReferenceSurface,Glass_highball,60,60,3.3999999240040779,120,120,60,60,0,0,0,60,1.1545286178588867,1.2288148403167725,1.2938148975372314,0.11305743455886841
CReferenceSurface-Glass_highball-60ml,CReferenceSurface,Glass_highball,60,60,3.5999999195337296,120,120,60,60,0,0,0,60,1.1073544025421143,1.1662932634353638,1.2312932014465332,0.097039029002189636
CReferenceSurface-Glass_highball-60ml,CReferenceSurface,Glass_highball,60,60,3.7999999150633812,120,120,60,60,0,0,0,60,1.1159526109695435,1.1718031167984009,1.2368030548095703,0.10886498540639877
CReferenceSurface-Glass_highball-60ml,CReferenceSurface,Glass_highball,60,60,3.9999999105930328,120,120,60,60,0,0,0,60,1.1595947742462158,1.2018609046936035,1.2668609619140625,0.07192191481590271
CReferenceSurface-Glass_highball-60ml,CReferenceSurface,Glass_highball,60,60,4.1999999061226845,120,120,60,60,0,0,0,60,1.1612623929977417,1.1944271326065063,1.2594270706176758,0.08701256662607193
CReferenceSurface-Glass_highball-60ml,CReferenceSurface,Glass_highball,60,60,4.3999999016523361,120,120,60,60,0,0,0,60,1.1331366300582886,1.1827092170715332,1.2477092742919922,0.058153737336397171
CReferenceSurface-Glass_highball-60ml,CReferenceSurface,Glass_highball,60,60,4.5999998971819878,120,120,60,60,0,0,0,60,1.1429177522659302,1.1744517087936401,1.2394516468048096,0.095306277275085449
CReferenceSurface-Glass_highball-60ml,CReferenceSurface,Glass_highball,60,60,4.7999998927116394,120,120,60,60,0,0,0,60,1.1593655347824097,1.1913962364196777,1.2563962936401367,0.065883651375770569
CReferenceSurface-Glass_highball-60ml,CReferenceSurface,Glass_highball,60,60,4.999999888241291,120,120,60,60,0,0,0,60,1.1476033926010132,1.1900744438171387,1.2550745010375977,0.05922265350818634
CReferenceSurface-Glass_highball-60ml,CReferenceSurface,Glass_highball,60,60,5.1999998837709427,120,120,60,60,0,0,0,60,1.1291279792785645,1.1726737022399902,1.2376737594604492,0.049438368529081345
CReferenceSurface-Glass_highball-60ml,CReferenceSurface,Glass_highball,60,60,5.3999998793005943,120,120,60,60,0,0,0,60,1.1240980625152588,1.1754084825515747,1.2404084205627441,0.05152883380651474
CReferenceSurface-Glass_highball-60ml,CReferenceSurface,Glass_highball,60,60,5.599999874830246,120,120,60,60,0,0,0,60,1.1268348693847656,1.1837154626846313,1.2487154006958008,0.045693371444940567
CReferenceSurface-Glass_highball-60ml,CReferenceSurface,Glass_highball,60,60,5.7999998703598976,120,120,60,60,0,0,0,60,1.1203644275665283,1.1787232160568237,1.2437231540679932,0.074910886585712433
CReferenceSurface-Glass_highball-60ml,CReferenceSurface,Glass_highball,60,60,5.9999998658895493,120,120,60,60,0,0,0,60,1.1153503656387329,1.1722930669784546,1.237293004989624,0.03485165536403656
CReferenceSurface-Glass_highball-120ml,CReferenceSurface,Glass_highball,120,80,0.19999999552965164,160,160,80,80,0,0,0,80,2.0447030067443848,2.1978042125701904,2.2628042697906494,1.5668174028396606
CReferenceSurface-Glass_highball-120ml,CReferenceSurface,Glass_highball,120,80,0.39999999105930328,160,160,80,80,0,0,0,80,1.6405830383300781,1.7975642681121826,1.8625643253326416,1.8394217491149902
CReferenceSurface-Glass_highball-120ml,CReferenceSurface,Glass_highball,120,80,0.59999998658895493,160,160,80,80,0,0,0,80,1.1352307796478271,1.2595939636230469,1.3245940208435059,0.47953444719314575
CReferenceSurface-Glass_highball-120ml,CReferenceSurface,Glass_highball,120,80,0.79999998211860657,160,160,80,80,0,0,0,80,1.4371712207794189,1.5976499319076538,1.6626498699188232,1.07808256149292
CReferenceSurface-Glass_highball-120ml,CReferenceSurface,Glass_highball,120,80,0.99999997764825821,160,160,80,80,0,0,0,80,1.6964521408081055,1.7968859672546387,1.8618860244750977,0.35114216804504395
CReferenceSurface-Glass_highball-120ml,CReferenceSurface,Glass_highball,120,80,1.1999999731779099,160,160,80,80,0,0,0,80,1.6356701850891113,1.8224020004272461,1.8874020576477051,0.62732076644897461
CReferenceSurface-Glass_highball-120ml,CReferenceSurface,Glass_highball,120,80,1.3999999687075615,160,160,80,80,0,0,0,80,1.3333075046539307,1.4691686630249023,1.5341687202453613,0.76436781883239746
CReferenceSurface-Glass_highball-120ml,CReferenceSurface,Glass_highball,120,80,1.5999999642372131,160,160,80,80,0,0,0,80,1.301581859588623,1.4318860769271851,1.4968860149383545,0.36805024743080139
CReferenceSurface-Glass_highball-120ml,CReferenceSurface,Glass_highball,120,80,1.7999999597668648,160,160,80,80,0,0,0,80,1.47148597240448,1.5803651809692383,1.6453652381896973,0.54089927673339844
CReferenceSurface-Glass_highball-120ml,CReferenceSurface,Glass_highball,120,80,1.9999999552965164,160,160,80,80,0,0,0,80,1.5462759733200073,1.7023744583129883,1.7673745155334473,0.17974796891212463
CReferenceSurface-Glass_highball-120ml,CReferenceSurface,Glass_highball,120,80,2.1999999508261681,160,160,80,80,0,0,0,80,1.4421422481536865,1.5743818283081055,1.6393818855285645,0.46738383173942566
CReferenceSurface-Glass_highball-120ml,CReferenceSurface,Glass_highball,120,80,2.3999999463558197,160,160,80,80,0,0,0,80,1.3429193496704102,1.3943691253662109,1.45936918258667,0.22255919873714447
CReferenceSurface-Glass_highball-120ml,CReferenceSurface,Glass_highball,120,80,2.5999999418854713,160,160,80,80,0,0,0,80,1.3679280281066895,1.4536199569702148,1.5186200141906738,0.34019544720649719
CReferenceSurface-Glass_highball-120ml,CReferenceSurface,Glass_highball,120,80,2.799999937415123,160,160,80,80,0,0,0,80,1.4611554145812988,1.5772775411605835,1.6422774791717529,0.22336046397686005
CReferenceSurface-Glass_highball-120ml,CReferenceSurface,Glass_highball,120,80,2.9999999329447746,160,160,80,80,0,0,0,80,1.4780211448669434,1.5855643749237061,1.650564432144165,0.21465696394443512
CReferenceSurface-Glass_highball-120ml,CReferenceSurface,Glass_highball,120,80,3.1999999284744263,160,160,80,80,0,0,0,80,1.3750958442687988,1.4730768203735352,1.5380768775939941,0.24948084354400635
CReferenceSurface-Glass_highball-120ml,CReferenceSurface,Glass_highball,120,80,3.3999999240040779,160,160,80,80,0,0,0,80,1.3640601634979248,1.44537353515625,1.510373592376709,0.11063709855079651
CReferenceSurface-Glass_highball-120ml,CReferenceSurface,Glass_highball,120,80,3.5999999195337296,160,160,80,80,0,0,0,80,1.4159424304962158,1.5074176788330078,1.5724177360534668,0.20778520405292511
CReferenceSurface-Glass_highball-120ml,CReferenceSurface,Glass_highball,120,80,3.7999999150633812,160,160,80,80,0,0,0,80,1.4577605724334717,1.5523922443389893,1.6173923015594482,0.082110777497291565
CReferenceSurface-Glass_highball-120ml,CReferenceSurface,Glass_highball,120,80,3.9999999105930328,160,160,80,80,0,0,0,80,1.4058136940002441,1.5027694702148438,1.5677695274353027,0.17096208035945892
CReferenceSurface-Glass_highball-120ml,CReferenceSurface,Glass_highball,120,80,4.1999999061226845,160,160,80,80,0,0,0,80,1.3860116004943848,1.4638597965240479,1.5288598537445068,0.0810471698641777
CReferenceSurface-Glass_highball-120ml,CReferenceSurface,Glass_highball,120,80,4.3999999016523361,160,160,80,80,0,0,0,80,1.3892621994018555,1.4873824119567871,1.5523824691772461,0.14527052640914917
CReferenceSurface-Glass_highball-120ml,CReferenceSurface,Glass_highball,120,80,4.5999998971819878,160,160,80,80,0,0,0,80,1.4365206956863403,1.5219035148620605,1.5869035720825195,0.08948960155248642
CReferenceSurface-Glass_highball-120ml,CReferenceSurface,Glass_highball,120,80,4.7999998927116394,160,160,80,80,0,0,0,80,1.4398524761199951,1.5146307945251465,1.5796308517456055,0.0837584137916565
CReferenceSurface-Glass_highball-120ml,CReferenceSurface,Glass_highball,120,80,4.999999888241291,160,160,80,80,0,0,0,80,1.4096488952636719,1.4781155586242676,1.5431156158447266,0.094575509428977966
CReferenceSurface-Glass_highball-120ml,CReferenceSurface,Glass_highball,120,80,5.1999998837709427,160,160,80,80,0,0,0,80,1.3847899436950684,1.4738714694976807,1.5388715267181396,0.058985114097595215
CReferenceSurface-Glass_highball-120ml,CReferenceSurface,Glass_highball,120,80,5.3999998793005943,160,160,80,80,0,0,0,80,1.411824107170105,1.4992349147796631,1.5642349720001221,0.10993412137031555
CReferenceSurface-Glass_highball-120ml,CReferenceSurface,Glass_highball,120,80,5.599999874830246,160,160,80,80,0,0,0,80,1.4310131072998047,1.512092113494873,1.577092170715332,0.046205148100852966
CReferenceSurface-Glass_highball-120ml,CReferenceSurface,Glass_highball,120,80,5.7999998703598976,160,160,80,80,0,0,0,80,1.4134204387664795,1.4955220222473145,1.5605220794677734,0.077185407280921936
CReferenceSurface-Glass_highball-120ml,CReferenceSurface,Glass_highball,120,80,5.9999998658895493,160,160,80,80,0,0,0,80,1.3969295024871826,1.4835202693939209,1.5485203266143799,0.049558501690626144
CReferenceSurface-Glass_hurricane-30ml,CReferenceSurface,Glass_hurricane,30,30,0.19999999552965164,60,60,30,30,0,0,0,30,0.77057099342346191,0.84770679473876953,0.91270679235458374,0.92559236288070679
CReferenceSurface-Glass_hurricane-30ml,CReferenceSurface,Glass_hurricane,30,30,0.39999999105930328,60,60,30,30,0,0,0,30,0.6833382248878479,0.69442850351333618,0.75942850112915039,0.52792435884475708
CReferenceSurface-Glass_hurricane-30ml,CReferenceSurface,Glass_hurricane,30,30,0.59999998658895493,60,60,30,30,0,0,0,30,0.774228572845459,0.86111986637115479,0.926119863986969,0.24351242184638977
CReferenceSurface-Glass_hurricane-30ml,CReferenceSurface,Glass_hurricane,30,30,0.79999998211860657,60,60,30,30,0,0,0,30,0.7015310525894165,0.83062249422073364,0.89562249183654785,0.37839776277542114
CReferenceSurface-Glass_hurricane-30ml,CReferenceSurface,Glass_hurricane,30,30,0.99999997764825821,60,60,30,30,0,0,0,30,0.69282317161560059,0.73373746871948242,0.79873746633529663,0.334444522857666
CReferenceSurface-Glass_hurricane-30ml,CReferenceSurface,Glass_hurricane,30,30,1.1999999731779099,60,60,30,30,0,0,0,30,0.75858056545257568,0.7833976149559021,0.84839761257171631,0.17404426634311676
CReferenceSurface-Glass_hurricane-30ml,CReferenceSurface,Glass_hurricane,30,30,1.3999999687075615,60,60,30,30,0,0,0,30,0.69471818208694458,0.73564249277114868,0.80064249038696289,0.18888410925865173
CReferenceSurface-Glass_hurricane-30ml,CReferenceSurface,Glass_hurricane,30,30,1.5999999642372131,60,60,30,30,0,0,0,30,0.721961259841919,0.75180613994598389,0.8168061375617981,0.18427011370658875
CReferenceSurface-Glass_hurricane-30ml,CReferenceSurface,Glass_hurricane,30,30,1.7999999597668648,60,60,30,30,0,0,0,30,0.72803562879562378,0.74127876758575439,0.8062787652015686,0.14509192109107971
CReferenceSurface-Glass_hurricane-30ml,CReferenceSurface,Glass_hurricane,30,30,1.9999999552965164,60,60,30,30,0,0,0,30,0.7042994499206543,0.73046588897705078,0.795465886592865,0.091567248106002808
CReferenceSurface-Glass_hurricane-30ml,CReferenceSurface,Glass_hurricane,30,30,2.1999999508261681,60,60,30,30,0,0,0,30,0.7157437801361084,0.7534295916557312,0.81842958927154541,0.083411440253257751
CReferenceSurface-Glass_hurricane-30ml,CReferenceSurface,Glass_hurricane,30,30,2.3999999463558197,60,60,30,30,0,0,0,30,0.70027834177017212,0.75971108675003052,0.82471108436584473,0.076910644769668579
CReferenceSurface-Glass_hurricane-30ml,CReferenceSurface,Glass_hurricane,30,30,2.5999999418854713,60,60,30,30,0,0,0,30,0.70508360862731934,0.745226263999939,0.81022626161575317,0.068469852209091187
CReferenceSurface-Glass_hurricane-30ml,CReferenceSurface,Glass_hurricane,30,30,2.799999937415123,60,60,30,30,0,0,0,30,0.705818235874176,0.73983198404312134,0.80483198165893555,0.071579635143280029
CReferenceSurface-Glass_hurricane-30ml,CReferenceSurface,Glass_hurricane,30,30,2.9999999329447746,60,60,30,30,0,0,0,30,0.70243543386459351,0.73073726892471313,0.79573726654052734,0.050648380070924759
CReferenceSurface-Glass_hurricane-30ml,CReferenceSurface,Glass_hurricane,30,30,3.1999999284744263,60,60,30,30,0,0,0,30,0.71032112836837769,0.73276513814926147,0.79776513576507568,0.049668215215206146
CReferenceSurface-Glass_hurricane-30ml,CReferenceSurface,Glass_hurricane,30,30,3.3999999240040779,60,60,30,30,0,0,0,30,0.70685100555419922,0.72719693183898926,0.79219692945480347,0.04307406023144722
CReferenceSurface-Glass_hurricane-30ml,CReferenceSurface,Glass_hurricane,30,30,3.5999999195337296,60,60,30,30,0,0,0,30,0.70978635549545288,0.7292475700378418,0.794247567653656,0.028798716142773628
CReferenceSurface-Glass_hurricane-30ml,CReferenceSurface,Glass_hurricane,30,30,3.7999999150633812,60,60,30,30,0,0,0,30,0.70565301179885864,0.72841614484786987,0.79341614246368408,0.035796977579593658
CReferenceSurface-Glass_hurricane-30ml,CReferenceSurface,Glass_hurricane,30,30,3.9999999105930328,60,60,30,30,0,0,0,30,0.70490825176239014,0.7278439998626709,0.79284399747848511,0.035399802029132843
CReferenceSurface-Glass_hurricane-30ml,CReferenceSurface,Glass_hurricane,30,30,4.1999999061226845,60,60,30,30,0,0,0,30,0.70813578367233276,0.72835075855255127,0.79335075616836548,0.027360178530216217
CReferenceSurface-Glass_hurricane-30ml,CReferenceSurface,Glass_hurricane,30,30,4.3999999016523361,60,60,30,30,0,0,0,30,0.70376837253570557,0.7257530689239502,0.7907530665397644,0.030814861878752708
CReferenceSurface-Glass_hurricane-30ml,CReferenceSurface,Glass_hurricane,30,30,4.5999998971819878,60,60,30,30,0,0,0,30,0.7097352147102356,0.72539383172988892,0.79039382934570313,0.029227383434772491
CReferenceSurface-Glass_hurricane-30ml,CReferenceSurface,Glass_hurricane,30,30,4.7999998927116394,60,60,30,30,0,0,0,30,0.70877611637115479,0.72537243366241455,0.79037243127822876,0.026245418936014175
CReferenceSurface-Glass_hurricane-30ml,CReferenceSurface,Glass_hurricane,30,30,4.999999888241291,60,60,30,30,0,0,0,30,0.70790737867355347,0.72395569086074829,0.7889556884765625,0.020155146718025208
CReferenceSurface-Glass_hurricane-30ml,CReferenceSurface,Glass_hurricane,30,30,5.1999998837709427,60,60,30,30,0,0,0,30,0.70488893985748291,0.72553378343582153,0.79053378105163574,0.021050641313195229
CReferenceSurface-Glass_hurricane-30ml,CReferenceSurface,Glass_hurricane,30,30,5.3999998793005943,60,60,30,30,0,0,0,30,0.70454692840576172,0.72653162479400635,0.79153162240982056,0.016938291490077972
CReferenceSurface-Glass_hurricane-30ml,CReferenceSurface,Glass_hurricane,30,30,5.599999874830246,60,60,30,30,0,0,0,30,0.70346188545227051,0.72615617513656616,0.79115617275238037,0.025245193392038345
CReferenceSurface-Glass_hurricane-30ml,CReferenceSurface,Glass_hurricane,30,30,5.7999998703598976,60,60,30,30,0,0,0,30,0.70364415645599365,0.72761517763137817,0.79261517524719238,0.03123847022652626
CReferenceSurface-Glass_hurricane-30ml,CReferenceSurface,Glass_hurricane,30,30,5.9999998658895493,60,60,30,30,0,0,0,30,0.70566254854202271,0.72767907381057739,0.7926790714263916,0.030905358493328094
CReferenceSurface-Glass_hurricane-60ml,CReferenceSurface,Glass_hurricane,60,60,0.19999999552965164,120,120,60,60,0,0,0,60,1.5121341943740845,1.6242392063140869,1.6892392635345459,1.3538353443145752
CReferenceSurface-Glass_hurricane-60ml,CReferenceSurface,Glass_hurricane,60,60,0.39999999105930328,120,120,60,60,0,0,0,60,1.085888147354126,1.2510175704956055,1.3160176277160645,1.1440591812133789
CReferenceSurface-Glass_hurricane-60ml,CReferenceSurface,Glass_hurricane,60,60,0.59999998658895493,120,120,60,60,0,0,0,60,1.0933176279067993,1.2217930555343628,1.2867929935455322,0.64460217952728271
CReferenceSurface-Glass_hurricane-60ml,CReferenceSurface,Glass_hurricane,60,60,0.79999998211860657,120,120,60,60,0,0,0,60,1.2892593145370483,1.4058282375335693,1.4708282947540283,0.29857409000396729
CReferenceSurface-Glass_hurricane-60ml,CReferenceSurface,Glass_hurricane,60,60,0.99999997764825821,120,120,60,60,0,0,0,60,1.2389942407608032,1.3435646295547485,1.408564567565918,0.43903538584709167
CReferenceSurface-Glass_hurricane-60ml,CReferenceSurface,Glass_hurricane,60,60,1.1999999731779099,120,120,60,60,0,0,0,60,1.0694435834884644,1.1542208194732666,1.2192208766937256,0.31232002377510071
CReferenceSurface-Glass_hurricane-60ml,CReferenceSurface,Glass_hurricane,60,60,1.3999999687075615,120,120,60,60,0,0,0,60,1.1318179368972778,1.201795220375061,1.2667951583862305,0.36024743318557739
CReferenceSurface-Glass_hurricane-60ml,CReferenceSurface,Glass_hurricane,60,60,1.5999999642372131,120,120,60,60,0,0,0,60,1.222858190536499,1.2721997499465942,1.3371996879577637,0.15125973522663116
CReferenceSurface-Glass_hurricane-60ml,CReferenceSurface,Glass_hurricane,60,60,1.7999999597668648,120,120,60,60,0,0,0,60,1.1719735860824585,1.2553651332855225,1.3203651905059814,0.25269478559494019
CReferenceSurface-Glass_hurricane-60ml,CReferenceSurface,Glass_hurricane,60,60,1.9999999552965164,120,120,60,60,0,0,0,60,1.1147880554199219,1.15956711769104,1.224567174911499,0.12952382862567902
CReferenceSurface-Glass_hurricane-60ml,CReferenceSurface,Glass_hurricane,60,60,2.1999999508261681,120,120,60,60,0,0,0,60,1.1621029376983643,1.1982749700546265,1.2632749080657959,0.19044746458530426
CReferenceSurface-Glass_hurricane-60ml,CReferenceSurface,Glass_hurricane,60,60,2.3999999463558197,120,120,60,60,0,0,0,60,1.1749663352966309,1.2618124485015869,1.3268125057220459,0.10887538641691208
CReferenceSurface-Glass_hurricane-60ml,CReferenceSurface,Glass_hurricane,60,60,2.5999999418854713,120,120,60,60,0,0,0,60,1.1545087099075317,1.2298305034637451,1.2948305606842041,0.1415485292673111
CReferenceSurface-Glass_hurricane-60ml,CReferenceSurface,Glass_hurricane,60,60,2.799999937415123,120,120,60,60,0,0,0,60,1.1479521989822388,1.1764250993728638,1.2414250373840332,0.0994340255856514
CReferenceSurface-Glass_hurricane-60ml,CReferenceSurface,Glass_hurricane,60,60,2.9999999329447746,120,120,60,60,0,0,0,60,1.1748536825180054,1.2303212881088257,1.2953212261199951,0.099664933979511261
CReferenceSurface-Glass_hurricane-60ml,CReferenceSurface,Glass_hurricane,60,60,3.1999999284744263,120,120,60,60,0,0,0,60,1.1752094030380249,1.2230510711669922,1.2880511283874512,0.066193923354148865
CReferenceSurface-Glass_hurricane-60ml,CReferenceSurface,Glass_hurricane,60,60,3.3999999240040779,120,120,60,60,0,0,0,60,1.1541284322738647,1.1932222843170166,1.2582223415374756,0.073329918086528778
CReferenceSurface-Glass_hurricane-60ml,CReferenceSurface,Glass_hurricane,60,60,3.5999999195337296,120,120,60,60,0,0,0,60,1.1573125123977661,1.188514232635498,1.253514289855957,0.0611385852098465
CReferenceSurface-Glass_hurricane-60ml,CReferenceSurface,Glass_hurricane,60,60,3.7999999150633812,120,120,60,60,0,0,0,60,1.1714777946472168,1.2130249738693237,1.2780249118804932,0.052178464829921722
CReferenceSurface-Glass_hurricane-60ml,CReferenceSurface,Glass_hurricane,60,60,3.9999999105930328,120,120,60,60,0,0,0,60,1.1765552759170532,1.2063198089599609,1.27131986618042,0.05459623783826828
CReferenceSurface-Glass_hurricane-60ml,CReferenceSurface,Glass_hurricane,60,60,4.1999999061226845,120,120,60,60,0,0,0,60,1.1554849147796631,1.191886305809021,1.2568862438201904,0.041605081409215927
CReferenceSurface-Glass_hurricane-60ml,CReferenceSurface,Glass_hurricane,60,60,4.3999999016523361,120,120,60,60,0,0,0,60,1.1570503711700439,1.1955938339233398,1.2605938911437988,0.044271178543567657
CReferenceSurface-Glass_hurricane-60ml,CReferenceSurface,Glass_hurricane,60,60,4.5999998971819878,120,120,60,60,0,0,0,60,1.1633387804031372,1.2058932781219482,1.2708933353424072,0.02561204694211483
CReferenceSurface-Glass_hurricane-60ml,CReferenceSurface,Glass_hurricane,60,60,4.7999998927116394,120,120,60,60,0,0,0,60,1.1578842401504517,1.1998336315155029,1.2648336887359619,0.040398422628641129
CReferenceSurface-Glass_hurricane-60ml,CReferenceSurface,Glass_hurricane,60,60,4.999999888241291,120,120,60,60,0,0,0,60,1.152785062789917,1.1915003061294556,1.256500244140625,0.023798201233148575
CReferenceSurface-Glass_hurricane-60ml,CReferenceSurface,Glass_hurricane,60,60,5.1999998837709427,120,120,60,60,0,0,0,60,1.161332368850708,1.1993193626403809,1.2643194198608398,0.028772726655006409
CReferenceSurface-Glass_hurricane-60ml,CReferenceSurface,Glass_hurricane,60,60,5.3999998793005943,120,120,60,60,0,0,0,60,1.165363073348999,1.2005466222763062,1.2655465602874756,0.026697114109992981
CReferenceSurface-Glass_hurricane-60ml,CReferenceSurface,Glass_hurricane,60,60,5.599999874830246,120,120,60,60,0,0,0,60,1.1586116552352905,1.1936287879943848,1.2586288452148438,0.032934729009866714
CReferenceSurface-Glass_hurricane-60ml,CReferenceSurface,Glass_hurricane,60,60,5.7999998703598976,120,120,60,60,0,0,0,60,1.1575499773025513,1.1936436891555786,1.258643627166748,0.02284013107419014
CReferenceSurface-Glass_hurricane-60ml,CReferenceSurface,Glass_hurricane,60,60,5.9999998658895493,120,120,60,60,0,0,0,60,1.164312481880188,1.1979566812515259,1.2629566192626953,0.031662341207265854
CReferenceSurface-Glass_hurricane-120ml,CReferenceSurface,Glass_hurricane,120,66,0.19999999552965164,132,132,66,66,0,0,0,66,1.7258346080780029,1.7425253391265869,1.8075253963470459,1.3917844295501709
CReferenceSurface-Glass_hurricane-120ml,CReferenceSurface,Glass_hurricane,120,66,0.39999999105930328,132,132,66,66,0,0,0,66,1.2835066318511963,1.4911381006240845,1.5561380386352539,1.3389147520065308
CReferenceSurface-Glass_hurricane-120ml,CReferenceSurface,Glass_hurricane,120,66,0.59999998658895493,132,132,66,66,0,0,0,66,1.1541086435317993,1.2590415477752686,1.3240416049957275,0.62165194749832153
CReferenceSurface-Glass_hurricane-120ml,CReferenceSurface,Glass_hurricane,120,66,0.79999998211860657,132,132,66,66,0,0,0,66,1.3940064907073975,1.5150458812713623,1.5800459384918213,0.53511172533035278
CReferenceSurface-Glass_hurricane-120ml,CReferenceSurface,Glass_hurricane,120,66,0.99999997764825821,132,132,66,66,0,0,0,66,1.4279000759124756,1.6140695810317993,1.6790695190429688,0.30845573544502258
CReferenceSurface-Glass_hurricane-120ml,CReferenceSurface,Glass_hurricane,120,66,1.1999999731779099,132,132,66,66,0,0,0,66,1.2334225177764893,1.3778828382492065,1.442882776260376,0.524041473865509
CReferenceSurface-Glass_hurricane-120ml,CReferenceSurface,Glass_hurricane,120,66,1.3999999687075615,132,132,66,66,0,0,0,66,1.1548664569854736,1.2527955770492554,1.3177955150604248,0.20942255854606628
CReferenceSurface-Glass_hurricane-120ml,CReferenceSurface,Glass_hurricane,120,66,1.5999999642372131,132,132,66,66,0,0,0,66,1.2702991962432861,1.378305196762085,1.4433052539825439,0.3362337052822113
CReferenceSurface-Glass_hurricane-120ml,CReferenceSurface,Glass_hurricane,120,66,1.7999999597668648,132,132,66,66,0,0,0,66,1.3045613765716553,1.4155439138412476,1.480543851852417,0.15659551322460175
CReferenceSurface-Glass_hurricane-120ml,CReferenceSurface,Glass_hurricane,120,66,1.9999999552965164,132,132,66,66,0,0,0,66,1.219913125038147,1.3371192216873169,1.4021191596984863,0.27454683184623718
CReferenceSurface-Glass_hurricane-120ml,CReferenceSurface,Glass_hurricane,120,66,2.1999999508261681,132,132,66,66,0,0,0,66,1.1965541839599609,1.2833800315856934,1.3483800888061523,0.13629333674907684
CReferenceSurface-Glass_hurricane-120ml,CReferenceSurface,Glass_hurricane,120,66,2.3999999463558197,132,132,66,66,0,0,0,66,1.2566351890563965,1.3284714221954346,1.3934714794158936,0.19146957993507385
CReferenceSurface-Glass_hurricane-120ml,CReferenceSurface,Glass_hurricane,120,66,2.5999999418854713,132,132,66,66,0,0,0,66,1.2953115701675415,1.372362494468689,1.4373624324798584,0.093630954623222351
CReferenceSurface-Glass_hurricane-120ml,CReferenceSurface,Glass_hurricane,120,66,2.799999937415123,132,132,66,66,0,0,0,66,1.2395663261413574,1.3090782165527344,1.3740782737731934,0.16263735294342041
CReferenceSurface-Glass_hurricane-120ml,CReferenceSurface,Glass_hurricane,120,66,2.9999999329447746,132,132,66,66,0,0,0,66,1.2251360416412354,1.2938765287399292,1.3588764667510986,0.081044852733612061
CReferenceSurface-Glass_hurricane-120ml,CReferenceSurface,Glass_hurricane,120,66,3.1999999284744263,132,132,66,66,0,0,0,66,1.2549824714660645,1.3133887052536011,1.3783886432647705,0.11854646354913712
CReferenceSurface-Glass_hurricane-120ml,CReferenceSurface,Glass_hurricane,120,66,3.3999999240040779,132,132,66,66,0,0,0,66,1.272152304649353,1.3292484283447266,1.3942484855651855,0.072844833135604858
CReferenceSurface-Glass_hurricane-120ml,CReferenceSurface,Glass_hurricane,120,66,3.5999999195337296,132,132,66,66,0,0,0,66,1.2439302206039429,1.3218460083007813,1.3868460655212402,0.086744345724582672
CReferenceSurface-Glass_hurricane-120ml,CReferenceSurface,Glass_hurricane,120,66,3.7999999150633812,132,132,66,66,0,0,0,66,1.2348591089248657,1.2920821905136108,1.3570821285247803,0.059549342840909958
CReferenceSurface-Glass_hurricane-120ml,CReferenceSurface,Glass_hurricane,120,66,3.9999999105930328,132,132,66,66,0,0,0,66,1.2508971691131592,1.3100297451019287,1.3750298023223877,0.065364234149456024
CReferenceSurface-Glass_hurricane-120ml,CReferenceSurface,Glass_hurricane,120,66,4.1999999061226845,132,132,66,66,0,0,0,66,1.2507309913635254,1.3224918842315674,1.3874919414520264,0.048586323857307434
CReferenceSurface-Glass_hurricane-120ml,CReferenceSurface,Glass_hurricane,120,66,4.3999999016523361,132,132,66,66,0,0,0,66,1.2404922246932983,1.3152936697006226,1.380293607711792,0.054295390844345093
CReferenceSurface-Glass_hurricane-120ml,CReferenceSurface,Glass_hurricane,120,66,4.5999998971819878,132,132,66,66,0,0,0,66,1.2429258823394775,1.3080792427062988,1.3730792999267578,0.037862658500671387
CReferenceSurface-Glass_hurricane-120ml,CReferenceSurface,Glass_hurricane,120,66,4.7999998927116394,132,132,66,66,0,0,0,66,1.2531455755233765,1.3144685029983521,1.3794684410095215,0.041912388056516647
CReferenceSurface-Glass_hurricane-120ml,CReferenceSurface,Glass_hurricane,120,66,4.999999888241291,132,132,66,66,0,0,0,66,1.2464573383331299,1.3102891445159912,1.3752892017364502,0.033353410661220551
CReferenceSurface-Glass_hurricane-120ml,CReferenceSurface,Glass_hurricane,120,66,5.1999998837709427,132,132,66,66,0,0,0,66,1.2389928102493286,1.3057047128677368,1.3707046508789063,0.0357636883854866
CReferenceSurface-Glass_hurricane-120ml,CReferenceSurface,Glass_hurricane,120,66,5.3999998793005943,132,132,66,66,0,0,0,66,1.2437522411346436,1.3112905025482178,1.3762905597686768,0.029248600825667381
CReferenceSurface-Glass_hurricane-120ml,CReferenceSurface,Glass_hurricane,120,66,5.599999874830246,132,132,66,66,0,0,0,66,1.2485373020172119,1.3214898109436035,1.3864898681640625,0.025284504517912865
CReferenceSurface-Glass_hurricane-120ml,CReferenceSurface,Glass_hurricane,120,66,5.7999998703598976,132,132,66,66,0,0,0,66,1.2450238466262817,1.3172847032546997,1.3822846412658691,0.026350930333137512
CReferenceSurface-Glass_hurricane-120ml,CReferenceSurface,Glass_hurricane,120,66,5.9999998658895493,132,132,66,66,0,0,0,66,1.2383882999420166,1.3069624900817871,1.3719625473022461,0.025622349232435226
