case,time_s,generated_ml,active_ml,owned_ml,free_ml,retired_ml,source_stock_ml,mean_speed,rms_speed,maximum_speed,center_x,center_y,cosmetics,mean_density,mean_compression_error,max_compression_error,correction_cap_ml_fraction,diagnostic_rms_speed,conservation_error_ml,queue_error_ml
Rest-Water,0.2,60,60,60,0,0,700,0.206317,0.240244,0.560829,-0.014227,-2.01408,0,0.98324,0.000156,0.001429,0,0.276011,0,0
Rest-Water,0.4,60,60,60,0,0,700,0.099117,0.117451,0.279626,-0.008309,-2.017256,0,0.989351,0.000188,0.001871,0,0.158191,0,0
Rest-Water,0.6,60,60,60,0,0,700,0.084716,0.109032,0.353428,-0.004862,-2.018874,0,0.994444,0.000047,0.001276,0,0.154168,0,0
Rest-Water,0.8,60,60,60,0,0,700,0.064868,0.087326,0.475031,-0.005397,-2.019886,0,0.997816,0.000049,0.001109,0,0.138887,0,0
Rest-Water,1,60,60,60,0,0,700,0.049638,0.062905,0.209197,-0.004957,-2.020176,0,0.998183,0.000021,0.000847,0,0.116346,0,0
Rest-Water,1.2,60,60,60,0,0,700,0.036135,0.045152,0.174812,-0.004263,-2.020127,0,0.996646,0.000019,0.000608,0,0.117117,0,0
Rest-Water,1.4,60,60,60,0,0,700,0.037109,0.043269,0.088391,-0.005042,-2.020281,0,0.997774,0.000007,0.000237,0,0.090259,0,0
Rest-Water,1.6,60,60,60,0,0,700,0.030047,0.037871,0.091416,-0.005989,-2.020236,0,0.997577,0.000009,0.000266,0,0.106707,0,0
Rest-Water,1.8,60,60,60,0,0,700,0.024208,0.029311,0.074204,-0.006356,-2.020242,0,0.997631,0.000019,0.000514,0,0.099822,0,0
Rest-Water,2,60,60,60,0,0,700,0.039818,0.047073,0.101357,-0.006032,-2.02007,0,0.997009,0.000031,0.000963,0,0.107031,0,0
Rest-Water,2.2,60,60,60,0,0,700,0.049372,0.066648,0.294679,-0.005829,-2.020371,0,0.996707,0.000002,0.000105,0,0.102016,0,0
Rest-Water,2.4,60,60,60,0,0,700,0.033282,0.039529,0.084563,-0.004975,-2.020637,0,0.997111,0.000006,0.000238,0,0.085705,0,0
Rest-Water,2.6,60,60,60,0,0,700,0.030174,0.03839,0.181868,-0.004747,-2.02073,0,0.99785,0.000007,0.00035,0,0.115005,0,0
Rest-Water,2.8,60,60,60,0,0,700,0.050154,0.060224,0.140374,-0.004709,-2.019856,0,0.992736,0.000001,0.000067,0,0.08349,0,0
Rest-Water,3,60,60,60,0,0,700,0.039882,0.048646,0.181988,-0.003544,-2.020476,0,0.992551,0,0.000011,0,0.096494,0,0
Pour-Water,0.2,60,60,60,0,0,700,0.206345,0.240246,0.560693,-0.014227,-2.01408,0,0.983242,0.000154,0.001387,0,0.276073,0,0
Pour-Water,0.4,60,60,60,0,0,700,0.099139,0.117524,0.280413,-0.008321,-2.017245,0,0.989296,0.000161,0.001845,0,0.157861,0,0
Pour-Water,0.6,60.5,60.5,60,0.5,0,699.5,0.087144,0.110847,0.351107,-0.004892,-2.018788,0,0.99384,0.000046,0.001114,0,0.146995,0,0
Pour-Water,0.8,64,64,60,4,0,696,0.062338,0.086444,0.473506,-0.005461,-2.019855,0,0.997537,0.000055,0.001498,0,0.135237,0,0
Pour-Water,1,68,68,63.5,4.5,0,692,0.595133,2.31604,10.573504,-0.000265,-1.945116,0,0.95514,0.000017,0.000556,0,2.325655,0,0
Pour-Water,1.2,72,72,67,5,0,688,0.926856,2.601111,10.575269,-0.005962,-1.922655,0,0.9115,0.000004,0.000401,0,2.685748,0,0
Pour-Water,1.4,76,76,71,5,0,684,1.120373,2.652475,10.496917,-0.003161,-1.916618,0,0.920696,0.000027,0.001156,0,2.691784,0,0
Pour-Water,1.6,80,80,75,5,0,680,0.939228,2.527424,10.395607,-0.004039,-1.908299,1,0.916138,0.000013,0.000562,0,2.634525,0,0
Pour-Water,1.8,84,84,79,5,0,676,0.978932,2.517672,10.445816,-0.005139,-1.896044,2,0.923902,0.000006,0.000171,0,2.60904,0,0
Pour-Water,2,88,88,82,6,0,672,0.736729,2.145225,10.397542,-0.004803,-1.904492,1,0.930196,0.000004,0.000159,0,2.195014,0,0
Pour-Water,2.2,92,92,85.5,6.5,0,668,0.737591,1.991597,9.527089,-0.002843,-1.88484,1,0.936818,0.000142,0.002766,0,2.038516,0,0
Pour-Water,2.4,96,96,91,5,0,664,1.004116,2.647331,9.862599,0.002444,-1.866055,2,0.928139,0.000399,0.007759,0,2.698206,0,0
Pour-Water,2.6,100,100,95,5,0,660,0.966014,2.28911,10.223547,-0.005417,-1.843779,2,0.923816,0.000054,0.002053,0,2.36779,0,0
Pour-Water,2.8,104,104,99,5,0,656,0.875446,2.233451,10.208723,-0.002798,-1.847441,1,0.928267,0.000004,0.000431,0,2.308064,0,0
Pour-Water,3,108,108,103,5,0,652,0.867393,2.228731,10.591158,-0.00207,-1.842688,1,0.942123,0.000377,0.007361,0,2.229516,0,0
Pour-Water,3.2,112,112,107,5,0,648,0.778994,2.123846,10.20042,-0.008592,-1.833721,1,0.951072,0.000313,0.009161,0,2.172428,0,0
Pour-Water,3.4,116,116,111,5,0,644,0.776443,2.072813,10.164253,-0.011485,-1.823062,1,0.945225,0.000129,0.005223,0,2.168663,0,0
Pour-Water,3.6,120,120,115,5,0,640,0.829874,2.045366,10.149441,-0.01392,-1.811017,2,0.946339,0.000007,0.000305,0,2.080093,0,0
Pour-Water,3.8,124,124,119,5,0,636,0.789686,2.024015,10.134475,-0.015002,-1.798071,1,0.949841,0.000131,0.006508,0,2.07296,0,0
Pour-Water,4,128,128,123,5,0,632,0.733653,1.949131,10.119343,-0.01602,-1.792832,1,0.956021,0.000103,0.002544,0,1.987185,0,0
Pour-Water,4.2,132,132,127,5,0,628,0.796582,1.94317,10.104068,-0.014733,-1.772529,1,0.946758,0.000094,0.008062,0,1.99343,0,0
Pour-Water,4.4,136,136,131,5,0,624,0.789166,1.907304,10.126308,-0.008072,-1.768763,1,0.953971,0.000483,0.017153,0,1.958699,0,0
Pour-Water,4.6,138.350006,138.350006,135,3.35,0,621.650024,0.73707,1.888357,10.07297,-0.004071,-1.757744,2,0.956021,0.000266,0.009535,0,1.927889,0,-0.000006
Pour-Water,4.8,138.350006,138.350006,138,0.35,0,621.650024,0.625517,1.657938,10.05722,-0.002959,-1.763685,1,0.963975,0.000274,0.010482,0,1.744635,0,-0.000006
Pour-Water,5,138.350006,138.350006,138,0.35,0,621.650024,0.370784,0.565461,5.244919,-0.007739,-1.771736,0,0.971171,0.000069,0.001842,0,0.649673,0,-0.000006
Pour-Water,5.2,138.350006,138.350006,138,0.35,0,621.650024,0.226366,0.267073,0.883584,-0.006211,-1.78716,0,0.989946,0.001136,0.03486,0,0.266945,0,-0.000006
Pour-Water,5.4,138.350006,138.350006,138,0.35,0,621.650024,0.191315,0.239139,0.835991,-0.012462,-1.776373,0,0.958986,0.000008,0.00076,0,0.258642,0,-0.000006
Pour-Water,5.6,138.350006,138.350006,138,0.35,0,621.650024,0.130915,0.183371,1.30088,-0.008907,-1.787214,0,0.981666,0.000049,0.002108,0,0.225975,0,-0.000006
Pour-Water,5.8,138.350006,138.350006,138,0.35,0,621.650024,0.117578,0.140302,0.424223,-0.005516,-1.789072,0,0.987839,0.000307,0.004863,0,0.168146,0,-0.000006
Pour-Water,6,138.350006,138,138,0,0.35,621.650024,0.246131,0.288237,1.009724,-0.001928,-1.787626,0,0.985334,0.000278,0.008811,0,0.201412,0.000006,-0.000006
Tilt-Water,0.2,60,60,60,0,0,700,0.2063,0.240237,0.56095,-0.014227,-2.014081,0,0.983241,0.000159,0.001447,0,0.27597,0,0
Tilt-Water,0.4,60,60,60,0,0,700,0.098594,0.11733,0.281179,-0.008308,-2.017249,0,0.989292,0.000168,0.001758,0,0.15836,0,0
Tilt-Water,0.6,60,60,60,0,0,700,0.085056,0.110226,0.350394,-0.004878,-2.018872,0,0.994466,0.00004,0.000856,0,0.14733,0,0
Tilt-Water,0.8,60,60,60,0,0,700,0.062893,0.086301,0.486623,-0.005406,-2.019851,0,0.997422,0.000043,0.001066,0,0.136261,0,0
Tilt-Water,1,60,60,60,0,0,700,0.062064,0.074717,0.225006,-0.004762,-2.019371,0,0.993998,0.000007,0.000283,0,0.096105,0,0
Tilt-Water,1.2,60,60,60,0,0,700,0.550624,0.612595,1.152252,0.04166,-2.011192,0,0.991294,0.000003,0.000175,0,0.596267,0,0
Tilt-Water,1.4,60,60,60,0,0,700,1.355064,1.388813,2.244482,0.226358,-1.958948,0,0.989473,0.000001,0.000071,0,1.375318,0,0
Tilt-Water,1.6,60,60,60,0,0,700,2.096869,2.12617,2.843467,0.553048,-1.84276,0,0.973836,0.000048,0.000946,0,2.072906,0,0
Tilt-Water,1.8,60,60,60,0,0,700,2.604622,2.625195,3.193592,0.959324,-1.599416,0,0.982698,0.000252,0.003583,0,2.536103,0,0
Tilt-Water,2,60,60,60,0,0,700,2.664086,2.687338,3.235854,1.308866,-1.201072,0,0.982422,0,0.00001,0,2.655989,0,0
Tilt-Water,2.2,60,60,60,0,0,700,2.397061,2.427413,3.054899,1.473149,-0.729804,0,0.978381,0.000341,0.004874,0,2.306399,0,0
Tilt-Water,2.4,60,60,60,0,0,700,1.873691,1.915949,2.719676,1.44258,-0.315733,1,0.976824,0.000003,0.000225,0,1.853749,0,0
Tilt-Water,2.6,60,60,60,0,0,700,1.456372,1.476174,2.085283,1.266849,-0.077865,1,0.967558,0,0.000014,0,1.419304,0,0
Tilt-Water,2.8,60,60,60,0,0,700,1.680157,1.741853,2.483505,1.0015,-0.080332,2,0.949443,0.000002,0.000111,0,1.739243,0,0
Tilt-Water,3,60,60,60,0,0,700,2.625461,2.711818,3.622377,0.681672,-0.354611,3,0.914738,0,0.000002,0,2.729773,0,0
Tilt-Water,3.2,60,60,45.5,14.5,0,700,3.360417,3.437268,4.465912,0.440752,-0.63431,5,0.930403,0,0,0,3.458382,0,0
Tilt-Water,3.4,60,60,21,39,0,700,3.489855,3.54834,4.699515,0.376509,-0.757611,4,0.885471,0,0,0,3.585217,0,0
Tilt-Water,3.6,60,60,9,51,0,700,3.457798,3.46911,3.774525,0.274993,-0.880747,1,0.830594,0,0,0,3.508759,0,0
Tilt-Water,3.8,60,60,2.5,57.5,0,700,3.441648,3.444603,3.650055,0.122002,-1.040556,0,0.706954,0,0,0,3.489554,0,0
Tilt-Water,4,60,60,0,60,0,700,0,0,0,0,0,0,0,0,0,0,0,0,0
Stir-Water,0.2,60,60,60,0,0,700,0.206333,0.240252,0.560839,-0.014227,-2.014081,0,0.983242,0.000155,0.001416,0,0.276037,0,0
Stir-Water,0.4,60,60,60,0,0,700,0.09851,0.117404,0.280988,-0.008314,-2.017256,0,0.989369,0.000182,0.001702,0,0.158265,0,0
Stir-Water,0.6,60,60,60,0,0,700,0.084768,0.109257,0.349131,-0.004864,-2.018848,0,0.994278,0.000053,0.001216,0,0.149626,0,0
Stir-Water,0.8,60,60,60,0,0,700,0.062195,0.087113,0.493168,-0.005474,-2.01981,0,0.997329,0.000058,0.001381,0,0.136305,0,0
Stir-Water,1,60,60,60,0,0,700,0.057643,0.072396,0.273375,-0.00495,-2.020173,0,0.997776,0.000018,0.000508,0,0.140285,0,0
Stir-Water,1.2,60,60,60,0,0,700,0.037341,0.047664,0.178028,-0.004261,-2.020058,0,0.996882,0.00001,0.000521,0,0.10241,0,0
Stir-Water,1.4,60,60,60,0,0,700,0.03322,0.040586,0.1056,-0.004938,-2.020185,0,0.997382,0.000002,0.000077,0,0.109926,0,0
Stir-Water,1.6,60,60,60,0,0,700,0.032725,0.038661,0.082181,-0.005745,-2.020179,0,0.99729,0.00001,0.000419,0,0.11144,0,0
Stir-Water,1.8,60,60,60,0,0,700,0.029746,0.033579,0.07023,-0.00624,-2.020329,0,0.997963,0.000015,0.000648,0,0.097614,0,0
Stir-Water,2,60,60,60,0,0,700,0.018083,0.022155,0.048114,-0.006125,-2.020338,0,0.99837,0.000011,0.000731,0,0.102828,0,0
Stir-Water,2.2,60,60,60,0,0,700,0.033203,0.041029,0.105563,-0.005846,-2.020159,0,0.996813,0.000007,0.000297,0,0.095877,0,0
Stir-Water,2.4,60,60,60,0,0,700,0.035276,0.042056,0.099136,-0.006011,-2.020136,0,0.995935,0.000006,0.000257,0,0.107166,0,0
Stir-Water,2.6,60,60,60,0,0,700,0.039954,0.045878,0.115396,-0.006161,-2.02035,0,0.998115,0.000007,0.000239,0,0.097468,0,0
Stir-Water,2.8,60,60,60,0,0,700,0.034878,0.044202,0.174654,-0.005499,-2.020669,0,0.997982,0.000015,0.000495,0,0.114206,0,0
Stir-Water,3,60,60,60,0,0,700,0.027557,0.033856,0.124259,-0.004438,-2.020468,0,0.996419,0.000004,0.000197,0,0.084282,0,0
Stir-Water,3.2,60,60,60,0,0,700,0.029011,0.033754,0.101102,-0.004331,-2.020617,0,0.996454,0,0.000015,0,0.087188,0,0
Stir-Water,3.4,60,60,60,0,0,700,0.039471,0.049056,0.184824,-0.003709,-2.020724,0,0.994477,0.000001,0.000109,0,0.096334,0,0
Stir-Water,3.6,60,60,60,0,0,700,0.037144,0.04333,0.100598,-0.002286,-2.020676,0,0.994175,0.000009,0.000484,0,0.104884,0,0
Stir-Water,3.8,60,60,60,0,0,700,0.033149,0.038854,0.099716,-0.002276,-2.020501,0,0.994189,0.000003,0.000165,0,0.082604,0,0
Stir-Water,4,60,60,60,0,0,700,0.02232,0.027235,0.059811,-0.003125,-2.020823,0,0.994433,0.000001,0.000088,0,0.083093,0,0
SealedShake-Water,0.2,60,60,60,0,0,700,6.461268,6.471194,7.420477,1.0541,-0.674995,0,0.781657,0,0.00002,0,6.508401,0,0
SealedShake-Water,0.4,60,60,60,0,0,700,3.460431,3.585391,4.859901,2.038309,-0.34996,2,0.799582,0,0.00001,0,3.842633,0,0
SealedShake-Water,0.6,60,60,60,0,0,700,3.263507,3.319738,5.07896,1.906317,-0.636119,3,0.890343,0,0.000001,0,3.314231,0,0
SealedShake-Water,0.8,60,60,60,0,0,700,5.919803,5.963629,7.247077,1.018675,-0.924758,0,0.942369,0.000003,0.000251,0,5.906987,0,0
SealedShake-Water,1,60,60,60,0,0,700,6.842677,6.850167,7.455326,-0.270066,-1.052856,0,0.920763,0.000001,0.000038,0,6.844663,0,0
SealedShake-Water,1.2,60,60,60,0,0,700,4.659808,4.702619,5.880104,-1.485865,-1.220192,1,0.959859,0,0.000001,0,4.810067,0,0
SealedShake-Water,1.4,60,60,60,0,0,700,2.449796,2.468004,3.217978,-1.795963,-0.902433,3,0.958533,0,0.000028,0,2.343045,0,0
SealedShake-Water,1.6,60,60,60,0,0,700,3.579048,3.58233,4.113118,-1.334171,-0.433532,0,0.952208,0,0,0,3.561873,0,0
SealedShake-Water,1.8,60,60,60,0,0,700,3.746235,3.79916,5.551467,-0.690126,-0.316506,0,0.925619,0,0,0,3.787031,0,0
SealedShake-Water,2,60,60,60,0,0,700,5.421654,5.453945,7.315518,0.059243,-0.867473,0,0.855216,0,0,0,5.476592,0,0
SealedShake-Water,2.2,60,60,60,0,0,700,4.679746,5.176209,9.799302,0.80461,-1.566973,1,0.923247,0.000008,0.000377,0,5.236667,0,0
SealedShake-Water,2.4,60,60,60,0,0,700,5.355775,5.407708,6.558671,1.074842,-0.665383,1,0.92684,0.000005,0.000195,0,5.271034,0,0
SealedShake-Water,2.6,60,60,60,0,0,700,2.952733,3.120764,5.057383,0.822417,0.064658,0,0.885824,0.000013,0.000883,0,3.154906,0,0
SealedShake-Water,2.8,60,60,60,0,0,700,3.786105,3.809767,4.877969,0.30051,-0.125603,1,0.818999,0,0,0,3.840056,0,0
SealedShake-Water,3,60,60,60,0,0,700,4.179442,4.208109,5.249824,-0.038036,-0.865514,1,0.690526,0,0,0,4.324698,0,0
SealedShake-Water,3.2,60,60,60,0,0,700,2.738168,3.060393,5.542058,-0.227233,-1.130142,3,0.804795,0,0.000015,0,2.903642,0,0
SealedShake-Water,3.4,60,60,60,0,0,700,2.099613,2.179,3.160412,-0.33282,-0.663349,2,0.766301,0,0,0,2.204903,0,0
SealedShake-Water,3.6,60,60,60,0,0,700,1.077463,1.134543,1.901487,-0.460689,-0.561068,4,0.627186,0,0,0,1.133594,0,0
SealedShake-Water,3.8,60,60,60,0,0,700,2.017229,2.100133,2.961242,-0.617717,-0.86601,6,0.628198,0,0,0,2.225846,0,0
SealedShake-Water,4,60,60,60,0,0,700,1.071315,1.228124,2.771112,-0.807309,-0.943028,2,0.798902,0.000021,0.00063,0,1.270377,0,0
Stir-Water-ghost,0.2,60,60,60,0,0,700,0.206303,0.240243,0.561056,-0.014227,-2.014081,0,0.983242,0.000159,0.001447,0,0.275977,0,0
Stir-Water-ghost,0.4,60,60,60,0,0,700,0.098863,0.117365,0.281743,-0.008306,-2.017249,0,0.989292,0.000164,0.001683,0,0.15835,0,0
Stir-Water-ghost,0.6,60,60,60,0,0,700,0.085222,0.110386,0.355678,-0.004851,-2.018825,0,0.993962,0.000039,0.000752,0,0.153783,0,0
Stir-Water-ghost,0.8,60,60,60,0,0,700,0.066585,0.088305,0.478172,-0.005413,-2.019853,0,0.997427,0.000031,0.000486,0,0.128551,0,0
Stir-Water-ghost,1,60,60,60,0,0,700,0.05432,0.06599,0.222584,-0.004904,-2.020115,0,0.997668,0.000017,0.000469,0,0.116183,0,0
Stir-Water-ghost,1.2,60,60,60,0,0,700,0.064043,0.075021,0.151237,-0.004191,-2.019884,0,0.995493,0.000026,0.000923,0,0.134082,0,0
Stir-Water-ghost,1.4,60,60,60,0,0,700,0.03571,0.042495,0.120599,-0.005128,-2.020196,0,0.997077,0.000001,0.000077,0,0.114741,0,0
Stir-Water-ghost,1.6,60,60,60,0,0,700,0.036304,0.042529,0.123959,-0.005974,-2.020053,0,0.996822,0.000007,0.000348,0,0.106428,0,0
Stir-Water-ghost,1.8,60,60,60,0,0,700,0.031616,0.036228,0.072834,-0.006147,-2.020139,0,0.997197,0.000022,0.000902,0,0.129314,0,0
Stir-Water-ghost,2,60,60,60,0,0,700,0.035724,0.042244,0.135901,-0.00587,-2.019997,0,0.995725,0.000007,0.000324,0,0.085455,0,0
Stir-Water-ghost,2.2,60,60,60,0,0,700,0.037201,0.04662,0.165634,-0.00501,-2.02067,0,0.997583,0.00001,0.000318,0,0.117209,0,0
Stir-Water-ghost,2.4,60,60,60,0,0,700,0.02965,0.036391,0.106627,-0.004317,-2.020639,0,0.997653,0.000002,0.000148,0,0.085769,0,0
Stir-Water-ghost,2.6,60,60,60,0,0,700,0.037488,0.044537,0.101544,-0.004746,-2.020704,0,0.997624,0.000022,0.00085,0,0.139802,0,0
Stir-Water-ghost,2.8,60,60,60,0,0,700,0.065875,0.076824,0.215582,-0.004125,-2.02049,0,0.994009,0.000048,0.000814,0,0.114111,0,0
Stir-Water-ghost,3,60,60,60,0,0,700,0.040921,0.048921,0.155099,-0.002439,-2.020833,0,0.994884,0.000005,0.000169,0,0.127602,0,0
Stir-Water-ghost,3.2,60,60,60,0,0,700,0.065269,0.075253,0.155353,-0.001906,-2.02036,0,0.992751,0.000039,0.001939,0,0.115241,0,0
Stir-Water-ghost,3.4,60,60,60,0,0,700,0.026398,0.032493,0.12798,-0.002971,-2.020824,0,0.994328,0.000001,0.000099,0,0.084801,0,0
Stir-Water-ghost,3.6,60,60,60,0,0,700,0.02777,0.033913,0.09616,-0.003622,-2.020926,0,0.995461,0.000001,0.000035,0,0.097058,0,0
Stir-Water-ghost,3.8,60,60,60,0,0,700,0.034976,0.039445,0.070954,-0.003045,-2.020661,0,0.994214,0.000007,0.00021,0,0.097499,0,0
Stir-Water-ghost,4,60,60,60,0,0,700,0.028329,0.03338,0.084997,-0.002433,-2.020756,0,0.994355,0.000003,0.000202,0,0.092063,0,0
Pour-Syrup,0.2,60,60,60,0,0,700,0.137671,0.158702,0.406905,-0.013989,-2.013848,0,0.983502,0.000222,0.001879,0,0.213149,0,0
Pour-Syrup,0.4,60,60,60,0,0,700,0.063728,0.080855,0.232099,-0.00881,-2.016947,0,0.993157,0.000151,0.00166,0,0.132073,0,0
Pour-Syrup,0.6,60,60,60,0,0,700,0.047039,0.06069,0.240984,-0.005258,-2.018024,0,0.995372,0.000067,0.001955,0,0.116821,0,0
Pour-Syrup,0.8,60.5,60.5,60,0.5,0,699.5,0.026295,0.034024,0.103838,-0.003576,-2.018459,0,0.996643,0.000049,0.000633,0,0.105472,0,0
Pour-Syrup,1,61,61,60,1,0,699,0.030882,0.040009,0.138123,-0.004323,-2.018764,0,0.996984,0.000057,0.001691,0,0.105742,0,0
Pour-Syrup,1.2,62,62,61,1,0,698,0.191935,1.272357,10.444381,-0.003708,-1.998259,0,0.984225,0.000021,0.000801,0,1.279881,0,0
Pour-Syrup,1.4,62.5,62.5,61.5,1,0,697.5,0.639943,1.204334,9.869328,-0.002631,-1.997998,0,0.966717,0.000144,0.005244,0,1.277584,0,0
Pour-Syrup,1.6,63.5,63.5,62.5,1,0,696.5,0.404387,1.310686,10.408977,0.000253,-1.991842,1,0.958782,0.000056,0.001954,0,1.320318,0,0
Pour-Syrup,1.8,64.5,64.5,63.5,1,0,695.5,0.444292,1.301779,10.248657,0.001915,-1.982855,1,0.96206,0.000004,0.000109,0,1.324521,0,0
Pour-Syrup,2,65.5,65.5,64.5,1,0,694.5,0.495045,1.32581,10.163608,-0.002351,-1.979665,1,0.963128,0,0.000001,0,1.371523,0,0
Pour-Syrup,2.2,66.5,66.5,65.5,1,0,693.5,0.520243,1.32561,10.115224,-0.007397,-1.977883,1,0.955483,0.000001,0.000041,0,1.365789,0,0
Pour-Syrup,2.4,67.5,67.5,66.5,1,0,692.5,0.4855,1.3233,10.086424,-0.007859,-1.975065,2,0.963957,0.000003,0.000185,0,1.389862,0,0
Pour-Syrup,2.6,68.5,68.5,67.5,1,0,691.5,0.384297,1.266945,10.068277,-0.006388,-1.973547,3,0.966146,0,0.000031,0,1.358363,0,0
Pour-Syrup,2.8,69.5,69.5,68.5,1,0,690.5,0.364636,1.336668,10.05619,-0.010093,-1.967767,2,0.951227,0.000014,0.000553,0,1.382674,0,0
Pour-Syrup,3,70.5,70.5,69.5,1,0,689.5,0.392037,1.326323,10.047705,-0.010405,-1.967427,2,0.968026,0.000035,0.000975,0,1.408103,0,0
Pour-Syrup,3.2,71.5,71.5,70.5,1,0,688.5,0.398625,1.290595,10.041245,-0.008941,-1.965891,2,0.968766,0,0.000015,0,1.350241,0,0
Pour-Syrup,3.4,72.5,72.5,71.5,1,0,687.5,0.522528,1.285233,10.035812,-0.005398,-1.961513,3,0.961958,0.000086,0.001667,0,1.341424,0,0
Pour-Syrup,3.6,73.5,73.5,72.5,1,0,686.5,0.42878,1.273955,10.031182,-0.001824,-1.959649,2,0.964152,0.00001,0.000648,0,1.339411,0,0
Pour-Syrup,3.8,74.5,74.5,73.5,1,0,685.5,0.454235,1.282347,10.025412,0.001843,-1.955325,1,0.959224,0,0.000001,0,1.340567,0,0
Pour-Syrup,4,75.5,75.5,74.5,1,0,684.5,0.468135,1.281244,10.020955,0.004505,-1.951452,1,0.96613,0.000016,0.000845,0,1.33596,0,0
Pour-Syrup,4.2,76.5,76.5,75.5,1,0,683.5,0.382587,1.270172,10.020995,0.000358,-1.950639,1,0.965186,0.000019,0.000743,0,1.36442,0,0
Pour-Syrup,4.4,77.5,77.5,76.5,1,0,682.5,0.545443,1.283269,10.014796,-0.005355,-1.947235,1,0.959371,0.000018,0.001363,0,1.353842,0,0
Pour-Syrup,4.6,78.5,78.5,77,1.5,0,681.5,0.370638,1.008667,10.019448,-0.009241,-1.955831,0,0.966377,0.000072,0.003073,0,1.115106,0,0
Pour-Syrup,4.8,78.930023,78.930023,78,0.930025,0,681.069946,0.261359,0.963805,9.275315,-0.013517,-1.950208,0,0.966515,0.000034,0.001101,0,0.979421,0,0.000002
Pour-Syrup,5,78.930023,78.930023,78,0.930025,0,681.069946,0.176309,0.717904,8.756569,-0.015121,-1.965892,0,0.977907,0.000055,0.001904,0,0.735079,0,0.000002
Pour-Syrup,5.2,78.930023,78.930023,78,0.930025,0,681.069946,0.123421,0.167794,0.795502,-0.011859,-1.967708,0,0.981159,0.000083,0.001766,0,0.223589,0,0.000002
Pour-Syrup,5.4,78.930023,78.930023,78,0.930025,0,681.069946,0.07957,0.096774,0.217053,-0.011825,-1.968356,0,0.98306,0,0.000023,0,0.132046,0,0.000002
Pour-Syrup,5.6,78.930023,78.930023,78,0.930025,0,681.069946,0.050679,0.060371,0.133774,-0.013147,-1.96921,0,0.988696,0.000015,0.000472,0,0.117465,0,0.000002
Pour-Syrup,5.8,78.930023,78.930023,78,0.930025,0,681.069946,0.064818,0.073342,0.181004,-0.012592,-1.969072,0,0.98981,0.000012,0.000463,0,0.121405,0,0.000002
Pour-Syrup,6,78.930023,78.930023,78,0.930025,0,681.069946,0.052835,0.064453,0.178046,-0.010225,-1.969126,0,0.989731,0.000002,0.000238,0,0.118732,0,0.000002
Stir-Milk,0.2,60,60,60,0,0,700,0.172318,0.200863,0.491455,-0.014275,-2.014133,0,0.98441,0.000179,0.002083,0,0.246483,0,0
Stir-Milk,0.4,60,60,60,0,0,700,0.083518,0.103688,0.258108,-0.008436,-2.017397,0,0.991985,0.000131,0.001588,0,0.145608,0,0
Stir-Milk,0.6,60,60,60,0,0,700,0.067295,0.083398,0.243325,-0.003458,-2.018623,0,0.994483,0.000062,0.001377,0,0.131031,0,0
Stir-Milk,0.8,60,60,60,0,0,700,0.050238,0.061829,0.192166,-0.00212,-2.01908,0,0.994625,0.000045,0.001294,0,0.117204,0,0
Stir-Milk,1,60,60,60,0,0,700,0.074857,0.096151,0.338248,-0.004362,-2.019028,0,0.992463,0.00003,0.001123,0,0.135511,0,0
Stir-Milk,1.2,60,60,60,0,0,700,0.050698,0.061171,0.193177,-0.00876,-2.019753,0,0.993615,0.000037,0.000707,0,0.115894,0,0
Stir-Milk,1.4,60,60,60,0,0,700,0.043267,0.052113,0.221514,-0.011007,-2.019905,0,0.993658,0.000008,0.000368,0,0.111269,0,0
Stir-Milk,1.6,60,60,60,0,0,700,0.035221,0.043173,0.165682,-0.010064,-2.020042,0,0.992932,0.000005,0.000268,0,0.10835,0,0
Stir-Milk,1.8,60,60,60,0,0,700,0.04606,0.054683,0.138165,-0.010249,-2.020183,0,0.992406,0.000009,0.000259,0,0.106113,0,0
Stir-Milk,2,60,60,60,0,0,700,0.037678,0.051209,0.255111,-0.011689,-2.020263,0,0.991671,0.000001,0.00007,0,0.091936,0,0
Stir-Milk,2.2,60,60,60,0,0,700,0.033674,0.040812,0.148813,-0.012271,-2.020519,0,0.992869,0.000002,0.00011,0,0.10523,0,0
Stir-Milk,2.4,60,60,60,0,0,700,0.059386,0.07166,0.158576,-0.011417,-2.020137,0,0.99079,0.000016,0.000946,0,0.134847,0,0
Stir-Milk,2.6,60,60,60,0,0,700,0.035355,0.042086,0.1126,-0.01099,-2.020517,0,0.991847,0.000013,0.000554,0,0.1041,0,0
Stir-Milk,2.8,60,60,60,0,0,700,0.033435,0.042693,0.10589,-0.010976,-2.020432,0,0.991924,0.000006,0.000164,0,0.120592,0,0
Stir-Milk,3,60,60,60,0,0,700,0.036706,0.043108,0.12811,-0.011464,-2.02061,0,0.992916,0.000002,0.000065,0,0.100364,0,0
Stir-Milk,3.2,60,60,60,0,0,700,0.031571,0.037126,0.085357,-0.011465,-2.020209,0,0.991515,0.000001,0.000051,0,0.078024,0,0
Stir-Milk,3.4,60,60,60,0,0,700,0.037785,0.044449,0.11995,-0.011137,-2.02059,0,0.992623,0.000014,0.000845,0,0.117768,0,0
Stir-Milk,3.6,60,60,60,0,0,700,0.047929,0.057505,0.169772,-0.011083,-2.02018,0,0.991542,0,0.000024,0,0.0839,0,0
Stir-Milk,3.8,60,60,60,0,0,700,0.025302,0.029962,0.067843,-0.011284,-2.020389,0,0.99159,0.000001,0.000051,0,0.090249,0,0
Stir-Milk,4,60,60,60,0,0,700,0.029539,0.035922,0.084771,-0.011534,-2.020582,0,0.9926,0.000006,0.000279,0,0.095983,0,0
