scenario,tick,active,generated_ml,active_ml,retired_ml,max_speed,mean_positive_compression
Rest,29,120,60,60,0,0.72877264,0.00236977427
Rest,59,120,60,60,0,0.1618681,0.00270992913
Rest,89,120,60,60,0,0.07766871,0.00268061552
Rest,119,120,60,60,0,0.0426753759,0.002625224
Rest,149,120,60,60,0,0.051090274,0.00266510039
Rest,179,120,60,60,0,0.04971068,0.00260663033
Rest,209,120,60,60,0,0.0506722331,0.00259119761
Rest,239,120,60,60,0,0.0547730178,0.00261633983
Rest,269,120,60,60,0,0.0884034857,0.00261879968
Rest,299,120,60,60,0,0.04595145,0.00265872874
Pour,29,124,62,62,0,5.26898336,0.00235869619
Pour,59,148,74,74,0,8.621371,0.00325960084
Pour,89,172,86,86,0,8.2541,0.004159632
Pour,119,196,98,98,0,8.15675449,0.00441747159
Pour,149,220,110,110,0,7.710123,0.00449746056
Pour,179,244,122,122,0,7.6390543,0.00604346953
Pour,209,268,134,134,0,7.322948,0.00607463438
Pour,239,280,140,140,0,7.48005533,0.00816454
Pour,269,280,140,140,0,0.3976603,0.005834497
Pour,299,280,140,140,0,0.393052042,0.006190168
Stir,29,120,60,60,0,9.486007,0.00264887116
Stir,59,120,60,60,0,10.6240845,0.00196030829
Stir,89,120,60,60,0,13.1851721,0.001905338
Stir,119,116,60,58,2,11.6533566,0.002085509
Stir,149,114,60,57,3,2.22875881,0.00216193055
Stir,179,114,60,57,3,1.53690755,0.0020655226
Stir,209,114,60,57,3,2.05810833,0.002058393
Stir,239,114,60,57,3,0.9258807,0.00207573269
Stir,269,114,60,57,3,1.74241352,0.00205389876
Stir,299,114,60,57,3,2.091278,0.00208210526
SealedShake,29,113,56.5,56.5,0,4.587309,0.00353910332
SealedShake,59,113,56.5,56.5,0,4.78579569,0.00478541432
SealedShake,89,113,56.5,56.5,0,4.78996754,0.000195085478
SealedShake,119,113,56.5,56.5,0,5.576897,0.00128065585
SealedShake,149,113,56.5,56.5,0,6.801221,0.000900608255
SealedShake,179,113,56.5,56.5,0,3.76582932,6.612423E-06
SealedShake,209,113,56.5,56.5,0,4.624193,0.00080750155
SealedShake,239,113,56.5,56.5,0,3.77668738,0.0006626011
SealedShake,269,113,56.5,56.5,0,9.207053,0.00683718035
SealedShake,299,113,56.5,56.5,0,7.29347229,0.0009777409
