case,time_s,generated_ml,active_ml,owned_ml,free_ml,retired_ml,source_stock_ml,mean_speed,rms_speed,maximum_speed,center_x,center_y,cosmetics,mean_density,mean_compression_error,max_compression_error,correction_cap_ml_fraction,diagnostic_rms_speed,spoon_tip_y,actual_liquid_p95_y,tip_immersion_depth,spoon_fluid_contact,conservation_error_ml,queue_error_ml
Rest-Water,0.2,60,60,60,0,0,700,0.206335,0.240248,0.560761,-0.014227,-2.01408,0,0.983241,0.000155,0.001407,0,0.276049,0,0,0,0,0,0
Rest-Water,0.4,60,60,60,0,0,700,0.098923,0.117428,0.278917,-0.008318,-2.017259,0,0.989351,0.000183,0.001999,0,0.157868,0,0,0,0,0,0
Rest-Water,0.6,60,60,60,0,0,700,0.086128,0.110481,0.348565,-0.004898,-2.018867,0,0.994499,0.000036,0.000525,0,0.144864,0,0,0,0,0,0
Rest-Water,0.8,60,60,60,0,0,700,0.064739,0.087908,0.480662,-0.005427,-2.019802,0,0.997143,0.000069,0.001836,0,0.142494,0,0,0,0,0,0
Rest-Water,1,60,60,60,0,0,700,0.054931,0.067116,0.188771,-0.004851,-2.02021,0,0.997857,0.000006,0.000327,0,0.126013,0,0,0,0,0,0
Rest-Water,1.2,60,60,60,0,0,700,0.043834,0.052652,0.146719,-0.004113,-2.020106,0,0.997051,0.000005,0.000162,0,0.101984,0,0,0,0,0,0
Rest-Water,1.4,60,60,60,0,0,700,0.038219,0.045373,0.107344,-0.004956,-2.020176,0,0.996837,0.000009,0.000344,0,0.12144,0,0,0,0,0,0
Rest-Water,1.6,60,60,60,0,0,700,0.030671,0.036653,0.099622,-0.005815,-2.020255,0,0.996945,0.000012,0.000408,0,0.103902,0,0,0,0,0,0
Rest-Water,1.8,60,60,60,0,0,700,0.057458,0.072544,0.202269,-0.00607,-2.019782,0,0.99494,0.000031,0.000999,0,0.110455,0,0,0,0,0,0
Rest-Water,2,60,60,60,0,0,700,0.030863,0.034841,0.071992,-0.00571,-2.020197,0,0.997315,0.000025,0.000771,0,0.100873,0,0,0,0,0,0
Rest-Water,2.2,60,60,60,0,0,700,0.051508,0.071382,0.327747,-0.005492,-2.020273,0,0.996953,0.000027,0.00152,0,0.133209,0,0,0,0,0,0
Rest-Water,2.4,60,60,60,0,0,700,0.034152,0.040967,0.119643,-0.004558,-2.020638,0,0.997325,0.00003,0.001056,0,0.109679,0,0,0,0,0,0
Rest-Water,2.6,60,60,60,0,0,700,0.046302,0.054161,0.144459,-0.004385,-2.020548,0,0.996215,0.000003,0.000187,0,0.107449,0,0,0,0,0,0
Rest-Water,2.8,60,60,60,0,0,700,0.027972,0.0357,0.161722,-0.005048,-2.020747,0,0.998119,0.000029,0.000551,0,0.102427,0,0,0,0,0,0
Rest-Water,3,60,60,60,0,0,700,0.030211,0.037769,0.116258,-0.004916,-2.020755,0,0.996584,0.000011,0.000372,0,0.122591,0,0,0,0,0,0
Pour-Water,0.2,60,60,60,0,0,700,0.206363,0.240245,0.56053,-0.014227,-2.014081,0,0.983246,0.000154,0.001358,0,0.276105,0,0,0,0,0,0
Pour-Water,0.4,60,60,60,0,0,700,0.098728,0.117371,0.281015,-0.008308,-2.017251,0,0.989316,0.000173,0.001843,0,0.158466,0,0,0,0,0,0
Pour-Water,0.6,60.5,60.5,60,0.5,0,699.5,0.085086,0.109701,0.355496,-0.004869,-2.018893,0,0.99454,0.000047,0.001782,0,0.149851,0,0,0,0,0,0
Pour-Water,0.8,64,64,60,4,0,696,0.071459,0.094366,0.49978,-0.005378,-2.019541,0,0.995637,0.00004,0.001421,0,0.135259,0,0,0,0,0,0
Pour-Water,1,68,68,63.5,4.5,0,692,0.598844,2.316135,10.573504,-0.000195,-1.944995,0,0.954432,0.000007,0.000344,0,2.325603,0,0,0,0,0,0
Pour-Water,1.2,72,72,67,5,0,688,0.944113,2.608856,10.575269,-0.006747,-1.919168,0,0.901585,0.000001,0.000077,0,2.700395,0,0,0,0,0,0
Pour-Water,1.4,76,76,71,5,0,684,1.030572,2.632278,10.496917,-0.00355,-1.91577,0,0.914406,0.000066,0.001195,0,2.68111,0,0,0,0,0,0
Pour-Water,1.6,80,80,75,5,0,680,1.00898,2.557758,10.443156,-0.002125,-1.903908,1,0.921116,0.00001,0.000704,0,2.624815,0,0,0,0,0,0
Pour-Water,1.8,84,84,79,5,0,676,0.981814,2.503393,10.453094,-0.005456,-1.898754,2,0.923989,0.000001,0.000026,0,2.575216,0,0,0,0,0,0
Pour-Water,2,88,88,82,6,0,672,0.747657,2.120928,10.277847,-0.008581,-1.907241,2,0.931618,0.000014,0.001039,0,2.175415,0,0,0,0,0,0
Pour-Water,2.2,92,92,85.5,6.5,0,668,0.748898,2.004294,9.527089,-0.002782,-1.884605,1,0.931366,0.000031,0.001291,0,2.04562,0,0,0,0,0,0
Pour-Water,2.4,96,96,91,5,0,664,1.058504,2.667767,9.862599,0.004984,-1.861001,1,0.914565,0.000035,0.000645,0,2.697642,0,0,0,0,0,0
Pour-Water,2.6,100,100,95,5,0,660,0.909574,2.28738,10.296989,-0.005728,-1.840041,1,0.908947,0.000001,0.000088,0,2.366253,0,0,0,0,0,0
Pour-Water,2.8,104,104,99,5,0,656,0.897836,2.239862,10.342144,-0.009945,-1.852051,0,0.93722,0.000056,0.004027,0,2.291742,0,0,0,0,0,0
Pour-Water,3,108,108,103,5,0,652,0.890017,2.155039,10.220884,-0.009724,-1.841163,1,0.93777,0.000023,0.001141,0,2.203825,0,0,0,0,0,0
Pour-Water,3.2,112,112,107,5,0,648,0.886736,2.162657,10.978794,-0.007888,-1.834731,2,0.937905,0.000072,0.003152,0,2.187937,0,0,0,0,0,0
Pour-Water,3.4,116,116,111,5,0,644,0.839761,2.067266,10.164253,-0.001692,-1.826426,1,0.943069,0.00003,0.001879,0,2.119346,0,0,0,0,0,0
Pour-Water,3.6,120,120,115,5,0,640,0.770176,2.019693,10.149441,-0.002035,-1.816417,1,0.947269,0.000115,0.003789,0,2.058816,0,0,0,0,0,0
Pour-Water,3.8,124,124,119,5,0,636,0.796521,1.987574,10.134475,0.00229,-1.802657,2,0.947806,0.000558,0.019859,0,2.051337,0,0,0,0,0,0
Pour-Water,4,128,128,123,5,0,632,0.729961,1.955304,10.119343,-0.002892,-1.788095,2,0.949476,0.000096,0.001875,0,2.003769,0,0,0,0,0,0
Pour-Water,4.2,132,132,127,5,0,628,0.726259,1.948293,10.104068,-0.009008,-1.782765,2,0.949647,0.000075,0.001768,0,1.973058,0,0,0,0,0,0
Pour-Water,4.4,136,136,131,5,0,624,0.742068,1.919276,10.081106,-0.012125,-1.766772,2,0.944786,0.000012,0.000689,0,1.95612,0,0,0,0,0,0
Pour-Water,4.6,138.350006,138.350006,135,3.35,0,621.650024,0.663096,1.856565,10.07297,-0.011669,-1.762684,1,0.96057,0.000226,0.005356,0,1.904062,0,0,0,0,0,-0.000006
Pour-Water,4.8,138.350006,138.350006,138,0.35,0,621.650024,0.75883,1.705287,10.05722,-0.008996,-1.758826,1,0.962351,0.000314,0.022164,0,1.746391,0,0,0,0,0,-0.000006
Pour-Water,5,138.350006,138.350006,138,0.35,0,621.650024,0.36793,0.527418,3.779935,-0.010935,-1.769244,1,0.973732,0.000037,0.002327,0,0.587302,0,0,0,0,0,-0.000006
Pour-Water,5.2,138.350006,138.350006,138,0.35,0,621.650024,0.199024,0.246382,0.901781,-0.004136,-1.78698,0,0.992125,0.000809,0.009678,0,0.288394,0,0,0,0,0,-0.000006
Pour-Water,5.4,138.350006,138.350006,138,0.35,0,621.650024,0.269528,0.317992,1.089829,0.000496,-1.78775,0,0.98828,0.001652,0.053366,0,0.243268,0,0,0,0,0,-0.000006
Pour-Water,5.6,138.350006,138.350006,138,0.35,0,621.650024,0.25924,0.303999,0.945782,0.000979,-1.78537,0,0.983819,0.000016,0.001097,0,0.314251,0,0,0,0,0,-0.000006
Pour-Water,5.8,138.350006,138.350006,138,0.35,0,621.650024,0.185618,0.218781,0.57696,0.002566,-1.788036,0,0.987508,0.000472,0.011003,0,0.277618,0,0,0,0,0,-0.000006
Pour-Water,6,138.350006,138,138,0,0.35,621.650024,0.31566,0.365834,0.978476,0.003361,-1.76563,0,0.948643,0.00003,0.001585,0,0.405979,0,0,0,0,0.000006,-0.000006
Tilt-Water,0.2,60,60,60,0,0,700,0.206301,0.240239,0.561008,-0.014227,-2.01408,0,0.98324,0.000157,0.001427,0,0.275991,0,0,0,0,0,0
Tilt-Water,0.4,60,60,60,0,0,700,0.099111,0.117485,0.280174,-0.00832,-2.017245,0,0.989312,0.000165,0.001885,0,0.157834,0,0,0,0,0,0
Tilt-Water,0.6,60,60,60,0,0,700,0.086663,0.111217,0.35367,-0.004855,-2.018885,0,0.994434,0.000056,0.000816,0,0.146711,0,0,0,0,0,0
Tilt-Water,0.8,60,60,60,0,0,700,0.06635,0.089381,0.486339,-0.00541,-2.019836,0,0.997412,0.000015,0.000366,0,0.135377,0,0,0,0,0,0
Tilt-Water,1,60,60,60,0,0,700,0.058106,0.070809,0.222851,-0.004995,-2.02004,0,0.996872,0.000023,0.000662,0,0.131256,0,0,0,0,0,0
Tilt-Water,1.2,60,60,60,0,0,700,0.568455,0.628354,1.143463,0.041371,-2.011177,0,0.992139,0.000002,0.000212,0,0.589922,0,0,0,0,0,0
Tilt-Water,1.4,60,60,60,0,0,700,1.359736,1.392192,2.253606,0.227052,-1.958672,0,0.989624,0.000082,0.001466,0,1.326656,0,0,0,0,0,0
Tilt-Water,1.6,60,60,60,0,0,700,2.093611,2.126581,2.811009,0.555585,-1.842706,2,0.980877,0.000086,0.001475,0,2.086827,0,0,0,0,0,0
Tilt-Water,1.8,60,60,60,0,0,700,2.638763,2.664014,3.283259,0.962317,-1.599464,2,0.988477,0.000146,0.002744,0,2.561315,0,0,0,0,0,0
Tilt-Water,2,60,60,60,0,0,700,2.674925,2.69356,3.238286,1.313117,-1.200643,2,0.98888,0.000074,0.002038,0,2.636346,0,0,0,0,0,0
Tilt-Water,2.2,60,60,60,0,0,700,2.403505,2.433433,3.305949,1.4792,-0.729138,2,0.98793,0.00004,0.001833,0,2.302502,0,0,0,0,0,0
Tilt-Water,2.4,60,60,60,0,0,700,1.89672,1.932115,2.715884,1.449137,-0.305473,2,0.982934,0.000022,0.001011,0,1.871991,0,0,0,0,0,0
Tilt-Water,2.6,60,60,60,0,0,700,1.374218,1.396946,2.152266,1.280212,-0.058066,1,0.970593,0.000004,0.000124,0,1.344532,0,0,0,0,0,0
Tilt-Water,2.8,60,60,60,0,0,700,1.675017,1.72953,2.416981,1.020715,-0.057262,4,0.965805,0.000001,0.000018,0,1.727205,0,0,0,0,0,0
Tilt-Water,3,60,60,60,0,0,700,2.632156,2.711549,3.696465,0.699605,-0.330389,5,0.940827,0,0.000007,0,2.726589,0,0,0,0,0,0
Tilt-Water,3.2,60,60,47.5,12.5,0,700,3.405811,3.473044,4.601655,0.426371,-0.64053,7,0.94179,0,0.000007,0,3.497187,0,0,0,0,0,0
Tilt-Water,3.4,60,60,22,38,0,700,3.619176,3.662967,4.550769,0.340229,-0.778172,5,0.902695,0,0.000001,0,3.692799,0,0,0,0,0,0
Tilt-Water,3.6,60,60,7,53,0,700,3.555226,3.568599,3.941125,0.252682,-0.905167,4,0.84072,0,0,0,3.616439,0,0,0,0,0,0
Tilt-Water,3.8,60,60,1.5,58.5,0,700,3.62236,3.622675,3.689751,0.076133,-1.086408,3,0.77305,0,0,0,3.659364,0,0,0,0,0,0
Tilt-Water,4,60,60,0,60,0,700,0,0,0,0,0,1,0,0,0,0,0,0,0,0,0,0,0
Stir-Water,0.2,60,60,59.5,0.5,0,700,0.771804,0.976583,2.808789,0.041716,-1.912344,0,0.879471,0.000028,0.000602,0,1.003059,-1.94725,-1.418109,0.529141,1,0,0
Stir-Water,0.4,60,60,54.5,5.5,0,700,0.710705,0.928399,2.592572,0.05242,-1.928561,0,0.936942,0.000937,0.020505,0,0.968793,-1.962255,-0.960143,1.002112,1,0,0
Stir-Water,0.6,60,60,54.5,5.5,0,700,0.380931,0.480194,1.303932,0.077076,-1.902139,1,0.942886,0.000171,0.005424,0,0.519057,-2.050439,-0.844792,1.205647,1,0,0
Stir-Water,0.8,60,60,54.5,5.5,0,700,0.669595,0.892469,3.033922,0.064245,-1.927505,1,0.940834,0.000056,0.001366,0,0.885767,-2.100882,-1.080774,1.020109,1,0,0
Stir-Water,1,60,60,54.5,5.5,0,700,1.2136,1.523013,3.426571,-0.054252,-1.94236,0,0.937988,0.000018,0.000265,0,1.52492,-2.038255,-1.462223,0.576031,1,0,0
Stir-Water,1.2,60,60,54.5,5.5,0,700,1.354641,1.59617,3.602307,-0.171219,-1.922257,2,0.951241,0.000415,0.005099,0,1.547512,-1.957414,-1.45562,0.501794,1,0,0
Stir-Water,1.4,60,60,51.5,8.5,0,700,1.13834,1.700606,4.853717,-0.186968,-1.764186,2,0.915663,0.000159,0.01475,0,1.702882,-1.948435,-0.655479,1.292956,1,0,0
Stir-Water,1.6,60,60,49,11,0,700,0.543462,0.805244,2.701034,-0.163827,-1.707557,1,0.899767,0.001953,0.034202,0,0.848909,-2.027032,-0.044899,1.982133,1,0,0
Stir-Water,1.8,60,59.5,48,11.5,0.5,700,0.598424,0.833062,2.226921,-0.12884,-1.767155,1,0.89936,0.000002,0.000072,0,0.833984,-2.097418,0.002123,2.099541,1,0,0
Stir-Water,2,60,55,48.5,6.5,5,700,1.133373,1.489891,3.097117,-0.040463,-1.809522,0,0.883468,0.000011,0.000213,0,1.445852,-2.061856,-0.211464,1.850392,1,0,0
Stir-Water,2.2,60,55,49,6,5,700,1.443151,1.850853,4.163987,0.081007,-1.85258,2,0.884925,0.000014,0.000243,0,1.855639,-1.972495,-0.830169,1.142326,1,0,0
Stir-Water,2.4,60,54.5,46.5,8,5.5,700,1.562429,2.198624,5.662652,0.139414,-1.898165,2,0.894339,0.004617,0.111619,0,2.222843,-1.942279,-1.241739,0.700539,1,0,0
Stir-Water,2.6,60,54.5,43.5,11,5.5,700,0.683816,0.855434,3.853579,0.162191,-1.909644,0,0.931798,0.003741,0.056994,0,0.904488,-2.005615,-0.817952,1.187663,1,0,0
Stir-Water,2.8,60,54.5,43.5,11,5.5,700,0.624058,0.758134,1.733366,0.118447,-1.938909,1,0.930692,0.00001,0.000141,0,0.774007,-2.089283,-0.81224,1.277043,1,0,0
Stir-Water,3,60,51.5,43.5,8,8.5,700,1.028118,1.260083,2.380873,0.006794,-1.97812,0,0.944772,0.000008,0.000356,0,1.241104,-2.081278,-1.150139,0.931138,1,0,0
Stir-Water,3.2,60,49,43.5,5.5,11,700,1.24739,1.5761,4.006927,-0.139895,-1.970533,0,0.938039,0.000001,0.000028,0,1.573112,-1.989159,-1.677721,0.311438,1,0,0
Stir-Water,3.4,60,49,43.5,5.5,11,700,1.079484,1.412876,4.382341,-0.208186,-1.914456,0,0.959904,0.000044,0.001187,0,1.375484,-1.940081,-1.342206,0.597875,1,0,0
Stir-Water,3.6,60,49,38.5,10.5,11,700,0.443558,0.591072,1.824877,-0.191558,-1.878426,0,0.942382,0.002852,0.049148,0,0.597875,-1.983101,-0.797458,1.185643,1,0,0
Stir-Water,3.8,60,49,38.5,10.5,11,700,0.475243,0.643428,1.512111,-0.174294,-1.901248,1,0.922374,0.000002,0.000046,0,0.651747,-2.073391,-0.680747,1.392644,1,0,0
Stir-Water,4,60,44.5,38.5,6,15.5,700,1.023861,1.298211,2.750546,-0.084965,-1.976512,1,0.947686,0.000004,0.000077,0,1.29059,-2.093609,-0.962905,1.130704,1,0,0
SealedShake-Water,0.2,60,60,60,0,0,700,6.583142,6.599309,8.755947,1.095155,-0.712527,0,0.747503,0,0.000023,0,6.63859,0,0,0,0,0,0
SealedShake-Water,0.4,60,60,60,0,0,700,3.057439,3.209899,5.028361,2.084504,-0.386414,2,0.795306,0.000009,0.000339,0,3.608288,0,0,0,0,0,0
SealedShake-Water,0.6,60,60,60,0,0,700,3.20666,3.260275,5.279428,1.897976,-0.66262,2,0.877969,0.00001,0.000351,0,3.253053,0,0,0,0,0,0
SealedShake-Water,0.8,60,60,60,0,0,700,5.837402,5.881376,7.43871,1.01694,-0.928922,0,0.927842,0.000002,0.000084,0,5.860791,0,0,0,0,0,0
SealedShake-Water,1,60,60,60,0,0,700,6.797853,6.803148,7.54157,-0.264563,-1.052433,0,0.915745,0,0.000015,0,6.782933,0,0,0,0,0,0
SealedShake-Water,1.2,60,60,60,0,0,700,4.742428,4.785275,5.938639,-1.482588,-1.223827,0,0.96425,0.000001,0.000076,0,4.910146,0,0,0,0,0,0
SealedShake-Water,1.4,60,60,60,0,0,700,2.411969,2.431598,3.209931,-1.794782,-0.904836,3,0.948402,0.000007,0.000842,0,2.288144,0,0,0,0,0,0
SealedShake-Water,1.6,60,60,60,0,0,700,3.574912,3.5785,4.078652,-1.335824,-0.433313,0,0.962042,0.000001,0.000037,0,3.546531,0,0,0,0,0,0
SealedShake-Water,1.8,60,60,60,0,0,700,3.765414,3.829642,5.327936,-0.693427,-0.313084,0,0.921043,0,0.00003,0,3.768484,0,0,0,0,0,0
SealedShake-Water,2,60,60,60,0,0,700,5.407677,5.437772,7.164055,0.057928,-0.863175,0,0.864892,0,0,0,5.46694,0,0,0,0,0,0
SealedShake-Water,2.2,60,60,60,0,0,700,4.705304,5.207685,9.904722,0.806685,-1.565813,1,0.907916,0.000003,0.000269,0,5.307567,0,0,0,0,0,0
SealedShake-Water,2.4,60,60,60,0,0,700,5.362065,5.405608,6.372705,1.080755,-0.669426,0,0.937771,0.000001,0.000084,0,5.291266,0,0,0,0,0,0
SealedShake-Water,2.6,60,60,60,0,0,700,2.957028,3.127747,5.106905,0.827375,0.067839,0,0.919026,0.000002,0.000261,0,3.167053,0,0,0,0,0,0
SealedShake-Water,2.8,60,60,60,0,0,700,3.733498,3.759705,4.977654,0.303236,-0.119796,1,0.853882,0,0,0,3.787373,0,0,0,0,0,0
SealedShake-Water,3,60,60,60,0,0,700,4.161617,4.195914,6.214148,-0.034194,-0.85371,0,0.698227,0,0,0,4.30885,0,0,0,0,0,0
SealedShake-Water,3.2,60,60,60,0,0,700,2.663579,3.03796,8.03264,-0.227791,-1.124092,2,0.789531,0.000004,0.000278,0,2.903068,0,0,0,0,0,0
SealedShake-Water,3.4,60,60,60,0,0,700,2.078112,2.161612,3.492777,-0.337805,-0.652941,1,0.746889,0,0,0,2.193942,0,0,0,0,0,0
SealedShake-Water,3.6,60,60,60,0,0,700,1.068262,1.138813,1.929728,-0.46949,-0.550684,3,0.612642,0,0,0,1.136391,0,0,0,0,0,0
SealedShake-Water,3.8,60,60,60,0,0,700,2.044001,2.096522,3.054452,-0.627343,-0.856125,7,0.619681,0,0.000001,0,2.21134,0,0,0,0,0,0
SealedShake-Water,4,60,60,60,0,0,700,1.117303,1.269753,3.087817,-0.817683,-0.948705,7,0.823433,0.000001,0.00003,0,1.318365,0,0,0,0,0,0
Stir-Water-ghost,0.2,60,60,60,0,0,700,0.206299,0.240239,0.561029,-0.014227,-2.014081,0,0.983241,0.000158,0.001434,0,0.275981,-1.94725,-1.844354,0.102896,1,0,0
Stir-Water-ghost,0.4,60,60,60,0,0,700,0.099291,0.117494,0.279524,-0.008317,-2.017254,0,0.989318,0.000175,0.001806,0,0.157971,-1.962255,-1.856398,0.105857,1,0,0
Stir-Water-ghost,0.6,60,60,60,0,0,700,0.08574,0.110315,0.350375,-0.004848,-2.018895,0,0.99452,0.000059,0.000794,0,0.151801,-2.050439,-1.856113,0.194326,1,0,0
Stir-Water-ghost,0.8,60,60,60,0,0,700,0.065965,0.088941,0.475616,-0.005365,-2.01977,0,0.996933,0.000039,0.001216,0,0.13658,-2.100882,-1.861214,0.239668,1,0,0
Stir-Water-ghost,1,60,60,60,0,0,700,0.055723,0.07039,0.288079,-0.004849,-2.020115,0,0.997667,0.000022,0.001303,0,0.13495,-2.038255,-1.863018,0.175237,1,0,0
Stir-Water-ghost,1.2,60,60,60,0,0,700,0.033234,0.039781,0.148857,-0.004183,-2.020174,0,0.998093,0.000035,0.000834,0,0.10292,-1.957414,-1.863033,0.094381,1,0,0
Stir-Water-ghost,1.4,60,60,60,0,0,700,0.037135,0.042997,0.109454,-0.005115,-2.019866,0,0.995787,0.000002,0.000074,0,0.075325,-1.948435,-1.864844,0.083591,1,0,0
Stir-Water-ghost,1.6,60,60,60,0,0,700,0.037741,0.047688,0.109481,-0.00584,-2.02004,0,0.996438,0.000015,0.000564,0,0.123813,-2.027032,-1.863028,0.164004,1,0,0
Stir-Water-ghost,1.8,60,60,60,0,0,700,0.031502,0.03693,0.087999,-0.006059,-2.020144,0,0.996758,0.000006,0.000223,0,0.109945,-2.097418,-1.862036,0.235382,1,0,0
Stir-Water-ghost,2,60,60,60,0,0,700,0.025354,0.029102,0.067135,-0.005512,-2.020306,0,0.997689,0.000035,0.000758,0,0.113996,-2.061856,-1.86425,0.197605,1,0,0
Stir-Water-ghost,2.2,60,60,60,0,0,700,0.041055,0.048987,0.156735,-0.005352,-2.020198,0,0.996505,0.000017,0.000412,0,0.100681,-1.972495,-1.864368,0.108126,1,0,0
Stir-Water-ghost,2.4,60,60,60,0,0,700,0.043866,0.052069,0.166179,-0.004669,-2.02056,0,0.997083,0.000035,0.001211,0,0.110307,-1.942279,-1.861841,0.080438,1,0,0
Stir-Water-ghost,2.6,60,60,60,0,0,700,0.035151,0.041433,0.100474,-0.004238,-2.020668,0,0.997802,0.000012,0.000359,0,0.116657,-2.005615,-1.862993,0.142622,1,0,0
Stir-Water-ghost,2.8,60,60,60,0,0,700,0.028513,0.040436,0.203492,-0.004705,-2.020814,0,0.998059,0.00001,0.000242,0,0.107968,-2.089283,-1.862659,0.226623,1,0,0
Stir-Water-ghost,3,60,60,60,0,0,700,0.041894,0.051333,0.135683,-0.004778,-2.020792,0,0.995782,0.000005,0.000174,0,0.107523,-2.081278,-1.86005,0.221227,1,0,0
Stir-Water-ghost,3.2,60,60,60,0,0,700,0.033836,0.040324,0.124481,-0.003143,-2.020683,0,0.994525,0.000002,0.000171,0,0.081249,-1.989159,-1.862872,0.126287,1,0,0
Stir-Water-ghost,3.4,60,60,60,0,0,700,0.027828,0.0355,0.111837,-0.001924,-2.020802,0,0.995197,0.000008,0.000464,0,0.09296,-1.940081,-1.862731,0.07735,1,0,0
Stir-Water-ghost,3.6,60,60,60,0,0,700,0.031044,0.035859,0.085747,-0.002515,-2.020869,0,0.99521,0.000009,0.000515,0,0.11018,-1.983101,-1.863037,0.120063,1,0,0
Stir-Water-ghost,3.8,60,60,60,0,0,700,0.037737,0.042969,0.107641,-0.003173,-2.020378,0,0.9924,0.000001,0.00006,0,0.087573,-2.073391,-1.862014,0.211377,1,0,0
Stir-Water-ghost,4,60,60,60,0,0,700,0.059648,0.067632,0.166182,-0.003236,-2.020634,0,0.993566,0.000001,0.000072,0,0.118342,-2.093609,-1.861903,0.231707,1,0,0
Pour-Syrup,0.2,60,60,60,0,0,700,0.137699,0.158703,0.406523,-0.013989,-2.013848,0,0.983499,0.000219,0.001953,0,0.213132,0,0,0,0,0,0
Pour-Syrup,0.4,60,60,60,0,0,700,0.063585,0.080677,0.232551,-0.008807,-2.016927,0,0.993115,0.000133,0.00132,0,0.132958,0,0,0,0,0,0
Pour-Syrup,0.6,60,60,60,0,0,700,0.047039,0.060983,0.239116,-0.005286,-2.018023,0,0.995216,0.000075,0.002071,0,0.120851,0,0,0,0,0,0
Pour-Syrup,0.8,60.5,60.5,60,0.5,0,699.5,0.028284,0.037081,0.131223,-0.003605,-2.018437,0,0.996549,0.00005,0.001145,0,0.102581,0,0,0,0,0,0
Pour-Syrup,1,61,61,60,1,0,699,0.033213,0.040657,0.106092,-0.004318,-2.018684,0,0.996351,0.000026,0.000591,0,0.09996,0,0,0,0,0,0
Pour-Syrup,1.2,62,62,61,1,0,698,0.198191,1.272519,10.444381,-0.0037,-1.998119,0,0.983885,0.000038,0.001512,0,1.280257,0,0,0,0,0,0
Pour-Syrup,1.4,62.5,62.5,61.5,1,0,697.5,0.573846,1.177894,9.869328,-0.002425,-1.998107,0,0.967173,0.000031,0.002354,0,1.288097,0,0,0,0,0,0
Pour-Syrup,1.6,63.5,63.5,62.5,1,0,696.5,0.369427,1.300285,10.408977,0.00351,-1.98815,0,0.955587,0.000007,0.000437,0,1.318353,0,0,0,0,0,0
Pour-Syrup,1.8,64.5,64.5,63.5,1,0,695.5,0.342233,1.275531,10.248657,-0.001065,-1.987222,0,0.971747,0.000034,0.000788,0,1.295156,0,0,0,0,0,0
Pour-Syrup,2,65.5,65.5,64.5,1,0,694.5,0.39974,1.293165,10.163608,-0.001992,-1.981927,0,0.965102,0.000011,0.000468,0,1.348761,0,0,0,0,0,0
Pour-Syrup,2.2,66.5,66.5,65.5,1,0,693.5,0.424083,1.310716,10.115224,-0.003699,-1.980419,0,0.968431,0.000017,0.000813,0,1.37836,0,0,0,0,0,0
Pour-Syrup,2.4,67.5,67.5,66.5,1,0,692.5,0.454709,1.353097,10.086424,-0.000994,-1.975656,0,0.969007,0.000089,0.002915,0,1.404633,0,0,0,0,0,0
Pour-Syrup,2.6,68.5,68.5,67.5,1,0,691.5,0.351089,1.341839,10.068277,-0.003357,-1.970801,0,0.964499,0.000007,0.000423,0,1.418504,0,0,0,0,0,0
Pour-Syrup,2.8,69.5,69.5,68.5,1,0,690.5,0.529228,1.322702,10.05619,0.001198,-1.969917,0,0.964196,0.000122,0.004424,0,1.373933,0,0,0,0,0,0
Pour-Syrup,3,70.5,70.5,69.5,1,0,689.5,0.402151,1.325544,10.047705,-0.000612,-1.968358,1,0.972223,0.000361,0.00731,0,1.403786,0,0,0,0,0,0
Pour-Syrup,3.2,71.5,71.5,70.5,1,0,688.5,0.391807,1.316978,10.041245,0.004454,-1.960496,1,0.958584,0,0.000013,0,1.386443,0,0,0,0,0,0
Pour-Syrup,3.4,72.5,72.5,71.5,1,0,687.5,0.561007,1.299041,10.035812,0.008028,-1.963824,2,0.965762,0.000391,0.008176,0,1.365359,0,0,0,0,0,0
Pour-Syrup,3.6,73.5,73.5,72.5,1,0,686.5,0.493902,1.280462,10.031182,0.007819,-1.961327,2,0.971269,0.000155,0.010105,0,1.372573,0,0,0,0,0,0
Pour-Syrup,3.8,74.5,74.5,73.5,1,0,685.5,0.366818,1.261793,10.025412,0.006828,-1.95795,2,0.962829,0.000003,0.000473,0,1.372071,0,0,0,0,0,0
Pour-Syrup,4,75.5,75.5,74.5,1,0,684.5,0.51982,1.284332,10.020955,0.006595,-1.955154,2,0.964032,0,0.00003,0,1.344418,0,0,0,0,0,0
Pour-Syrup,4.2,76.5,76.5,75.5,1,0,683.5,0.429383,1.244422,10.020995,0.005888,-1.952664,2,0.960289,0.00001,0.000275,0,1.297674,0,0,0,0,0,0
Pour-Syrup,4.4,77.5,77.5,76.5,1,0,682.5,0.376568,1.240555,10.014796,-0.003157,-1.947305,2,0.954549,0.000044,0.001156,0,1.305687,0,0,0,0,0,0
Pour-Syrup,4.6,78.5,78.5,77,1.5,0,681.5,0.418098,0.997988,10.019448,-0.001551,-1.960236,1,0.967983,0.000015,0.001204,0,1.070439,0,0,0,0,0,0
Pour-Syrup,4.8,78.930023,78.930023,78,0.930025,0,681.069946,0.276858,0.969699,9.275315,-0.001615,-1.950337,1,0.982007,0.000312,0.008609,0,0.992785,0,0,0,0,0,0.000002
Pour-Syrup,5,78.930023,78.930023,78,0.930025,0,681.069946,0.238539,0.736224,8.756569,-0.002268,-1.958224,1,0.966615,0,0.000013,0,0.74683,0,0,0,0,0,0.000002
Pour-Syrup,5.2,78.930023,78.930023,78,0.930025,0,681.069946,0.070709,0.085185,0.240339,-0.000586,-1.967368,1,0.984825,0.000003,0.000275,0,0.125089,0,0,0,0,0,0.000002
Pour-Syrup,5.4,78.930023,78.930023,78,0.930025,0,681.069946,0.070648,0.088307,0.288346,-0.002329,-1.967583,0,0.981147,0.000036,0.001034,0,0.135963,0,0,0,0,0,0.000002
Pour-Syrup,5.6,78.930023,78.930023,78,0.930025,0,681.069946,0.055364,0.071168,0.345528,-0.003281,-1.967953,0,0.986726,0.000002,0.000183,0,0.108768,0,0,0,0,0,0.000002
Pour-Syrup,5.8,78.930023,78.930023,78,0.930025,0,681.069946,0.067585,0.075255,0.168128,-0.002876,-1.968575,0,0.989923,0.00004,0.001683,0,0.143497,0,0,0,0,0,0.000002
Pour-Syrup,6,78.930023,78.930023,78,0.930025,0,681.069946,0.056644,0.064095,0.132373,-0.001608,-1.967953,0,0.98765,0.000003,0.000154,0,0.115484,0,0,0,0,0,0.000002
Stir-Milk,0.2,60,60,59.5,0.5,0,700,0.750108,0.961185,2.462992,0.042399,-1.914765,0,0.906078,0.000084,0.003087,0,0.947848,-1.94725,-1.445409,0.501841,1,0,0
Stir-Milk,0.4,60,60,55,5,0,700,0.68464,0.872281,2.17585,0.056129,-1.92382,0,0.930086,0.002152,0.048398,0,0.900767,-1.962255,-0.959784,1.00247,1,0,0
Stir-Milk,0.6,60,60,53.5,6.5,0,700,0.357531,0.443766,1.659938,0.069435,-1.932139,1,0.937748,0.000352,0.015797,0,0.487074,-2.050439,-1.111894,0.938545,1,0,0
Stir-Milk,0.8,60,60,53.5,6.5,0,700,0.710661,0.965142,3.463982,0.048581,-1.95995,1,0.948874,0.000049,0.000787,0,0.967286,-2.100882,-1.490651,0.610232,1,0,0
Stir-Milk,1,60,60,53.5,6.5,0,700,1.157962,1.476367,3.579928,-0.077333,-1.961109,1,0.9489,0.000008,0.000198,0,1.458748,-2.038255,-1.640289,0.397966,1,0,0
Stir-Milk,1.2,60,60,53,7,0,700,1.347439,1.525216,3.267934,-0.200801,-1.911872,1,0.963336,0.000106,0.003141,0,1.501197,-1.957414,-1.420578,0.536836,1,0,0
Stir-Milk,1.4,60,60,50.5,9.5,0,700,1.154077,1.723031,4.849301,-0.218269,-1.723258,1,0.936772,0.000358,0.010947,0,1.757661,-1.948435,-0.542546,1.405889,1,0,0
Stir-Milk,1.6,60,60,48,12,0,700,0.532728,0.729938,2.480325,-0.188807,-1.650517,0,0.927847,0.000001,0.00003,0,0.755839,-2.027032,0.158093,2.185125,1,0,0
Stir-Milk,1.8,60,59,45.5,13.5,1,700,0.627809,0.832629,1.920858,-0.145198,-1.773446,0,0.916924,0,0.000012,0,0.842675,-2.097418,-0.486264,1.611154,1,0,0
Stir-Milk,2,60,54.5,47.5,7,5.5,700,1.214419,1.634214,3.097657,-0.071839,-1.809956,1,0.898741,0,0.000008,0,1.656083,-2.061856,-0.615816,1.44604,1,0,0
Stir-Milk,2.2,60,53.5,48.5,5,6.5,700,1.450478,1.936788,4.479692,0.030541,-1.870214,2,0.913835,0.000001,0.000018,0,1.953814,-1.972495,-0.357694,1.6148,1,0,0
Stir-Milk,2.4,60,53.5,46.5,7,6.5,700,1.26902,1.710623,5.071381,0.102398,-1.907192,2,0.919315,0.004058,0.091948,0,1.686921,-1.942279,-1.075567,0.866711,1,0,0
Stir-Milk,2.6,60,53.5,44,9.5,6.5,700,0.603358,1.065413,4.406522,0.148152,-1.950168,3,0.96244,0.000053,0.001686,0,1.154289,-2.005615,-1.279675,0.725941,1,0,0
Stir-Milk,2.8,60,53,44,9,7,700,0.648407,0.828765,2.069047,0.127515,-1.984675,3,0.939393,0.000006,0.000146,0,0.864097,-2.089283,-1.468559,0.620723,1,0,0
Stir-Milk,3,60,51.5,44.5,7,8.5,700,1.034333,1.29118,3.418258,-0.012437,-2.015992,3,0.943591,0.000006,0.000141,0,1.293362,-2.081278,-1.773345,0.307933,1,0,0
Stir-Milk,3.2,60,48.5,44.5,4,11.5,700,1.175389,1.434994,3.904418,-0.170743,-1.97857,3,0.954856,0.00001,0.000321,0,1.415802,-1.989159,-1.704627,0.284532,1,0,0
Stir-Milk,3.4,60,48.5,44.5,4,11.5,700,1.067168,1.499222,4.524319,-0.226684,-1.888404,2,0.961634,0.000615,0.008334,0,1.431961,-1.940081,-1.255706,0.684375,1,0,0
Stir-Milk,3.6,60,48.5,40.5,8,11.5,700,0.655495,0.862032,2.366439,-0.189795,-1.804738,2,0.933326,0.000891,0.021344,0,0.844325,-1.983101,-0.703534,1.279567,1,0,0
Stir-Milk,3.8,60,48,40.5,7.5,12,700,0.308042,0.425766,0.99021,-0.160472,-1.778759,3,0.937984,0,0.000001,0,0.440029,-2.073391,-0.498323,1.575068,1,0,0
Stir-Milk,4,60,47,40.5,6.5,13,700,1.092142,1.462257,3.012778,-0.094171,-1.863828,3,0.91419,0.000012,0.000597,0,1.459944,-2.093609,-0.698426,1.395183,1,0,0
