step,phase,ice_id,ice_owner,ice_x,ice_y,ice_angle,previous_x,previous_y,previous_angle,rb_vx,rb_vy,recovery_x,recovery_y,particle_slot,particle_owner,particle_x,particle_y,particle_vx,particle_vy,particle_ml,local_x,local_y,inside_solid,edge_distance,deep_inside,active_count,gpu_substeps,glass_id,glass_x,glass_y,glass_scale_x,glass_scale_y
-1,initial-after-liquid,28,3,-3.04313636,-0.5801884,0,-3.04313636,-0.5801884,0,0,0,0,0,4095,3,-2.76527929,-0.5201884,0,0,0.5,0.277857065,0.0600000024,0,0.0949999243,0,1,2,3,-2.90000057,-0.00147661765,1,1
0,after-physics-previous-particle-snapshot,28,3,-3.02913642,-0.5801884,0,-3.04313636,-0.5801884,0,0.7,0,0,0,4095,3,-2.76527929,-0.5201884,0,0,0.5,0.263857126,0.0600000024,0,0.0809999853,0,1,2,3,-2.90000057,-0.00147661765,1,1
0,after-liquid,28,3,-3.02913642,-0.5801884,0,-3.02913642,-0.5801884,0,0.7,0,0,0,4095,3,-2.76527929,-0.5201884,0,0,0.5,0.263857126,0.0600000024,0,0.0809999853,0,1,2,3,-2.90000057,-0.00147661765,1,1
1,after-physics-previous-particle-snapshot,28,3,-3.01513648,-0.5801884,0,-3.02913642,-0.5801884,0,0.7,0,0,0,4095,3,-2.76527929,-0.5201884,0,0,0.5,0.249857187,0.0600000024,0,0.06700005,0,1,2,3,-2.90000057,-0.00147661765,1,1
1,after-liquid,28,3,-3.01513648,-0.5801884,0,-3.01513648,-0.5801884,0,0.7,0,0,0,4095,3,-2.76527929,-0.5201884,0.697896957,0,0.5,0.249857187,0.0600000024,0,0.06700005,0,1,2,3,-2.90000057,-0.00147661765,1,1
2,after-physics-previous-particle-snapshot,28,3,-3.00113654,-0.5801884,0,-3.01513648,-0.5801884,0,0.7,0,0,0,4095,3,-2.76527929,-0.5201884,0.697896957,0,0.5,0.235857248,0.0600000024,0,0.0530001074,0,1,2,3,-2.90000057,-0.00147661765,1,1
2,after-liquid,28,3,-3.00113654,-0.5801884,0,-3.00113654,-0.5801884,0,0.7,0,0,0,4095,3,-2.75132132,-0.5201884,0.697896957,0,0.5,0.249815226,0.0600000024,0,0.0669580847,0,1,2,3,-2.90000057,-0.00147661765,1,1
3,after-physics-previous-particle-snapshot,28,3,-2.9871366,-0.5801884,0,-3.00113654,-0.5801884,0,0.7,0,0,0,4095,3,-2.75132132,-0.5201884,0.697896957,0,0.5,0.235815287,0.0600000024,0,0.0529581457,0,1,2,3,-2.90000057,-0.00147661765,1,1
3,after-liquid,28,3,-2.9871366,-0.5801884,0,-2.9871366,-0.5801884,0,0.7,0,0,0,4095,3,-2.73736334,-0.5201884,0.697896957,0,0.5,0.249773264,0.0600000024,0,0.06691612,0,1,2,3,-2.90000057,-0.00147661765,1,1
4,after-physics-previous-particle-snapshot,28,3,-2.97313666,-0.5801884,0,-2.9871366,-0.5801884,0,0.7,0,0,0,4095,3,-2.73736334,-0.5201884,0.697896957,0,0.5,0.235773325,0.0600000024,0,0.0529161841,0,1,2,3,-2.90000057,-0.00147661765,1,1
4,after-liquid,28,3,-2.97313666,-0.5801884,0,-2.97313666,-0.5801884,0,0.7,0,0,0,4095,3,-2.72340536,-0.5201884,0.697896957,0,0.5,0.2497313,0.0600000024,0,0.06687416,0,1,2,3,-2.90000057,-0.00147661765,1,1
5,after-physics-previous-particle-snapshot,28,3,-2.95913672,-0.5801884,0,-2.97313666,-0.5801884,0,0.7,0,0,0,4095,3,-2.72340536,-0.5201884,0.697896957,0,0.5,0.235731363,0.0600000024,0,0.0528742224,0,1,2,3,-2.90000057,-0.00147661765,1,1
5,after-liquid,28,3,-2.95913672,-0.5801884,0,-2.95913672,-0.5801884,0,0.7,0,0,0,4095,3,-2.70944738,-0.5201884,0.697896957,0,0.5,0.249689341,0.0600000024,0,0.0668322,0,1,2,3,-2.90000057,-0.00147661765,1,1
6,after-physics-previous-particle-snapshot,28,3,-2.94513679,-0.5801884,0,-2.95913672,-0.5801884,0,0.7,0,0,0,4095,3,-2.70944738,-0.5201884,0.697896957,0,0.5,0.2356894,0.0600000024,0,0.05283226,0,1,2,3,-2.90000057,-0.00147661765,1,1
6,after-liquid,28,3,-2.94513679,-0.5801884,0,-2.94513679,-0.5801884,0,0.7,0,0,0,4095,3,-2.69548941,-0.5201884,0.697896957,0,0.5,0.249647379,0.0600000024,0,0.06679024,0,1,2,3,-2.90000057,-0.00147661765,1,1
7,after-physics-previous-particle-snapshot,28,3,-2.93113685,-0.5801884,0,-2.94513679,-0.5801884,0,0.7,0,0,0,4095,3,-2.69548941,-0.5201884,0.697896957,0,0.5,0.23564744,0.0600000024,0,0.0527903,0,1,2,3,-2.90000057,-0.00147661765,1,1
7,after-liquid,28,3,-2.93113685,-0.5801884,0,-2.93113685,-0.5801884,0,0.7,0,0,0,4095,3,-2.68153143,-0.5201884,0.697896957,0,0.5,0.249605417,0.0600000024,0,0.06674828,0,1,2,3,-2.90000057,-0.00147661765,1,1
8,after-physics-previous-particle-snapshot,28,3,-2.917137,-0.5801884,0,-2.93113685,-0.5801884,0,0.7,0,0,0,4095,3,-2.68153143,-0.5201884,0.697896957,0,0.5,0.235605478,0.0600000024,0,0.0527483374,0,1,2,3,-2.90000057,-0.00147661765,1,1
8,after-liquid,28,3,-2.917137,-0.5801884,0,-2.917137,-0.5801884,0,0.7,0,0,0,4095,3,-2.66757345,-0.5201884,0.697896957,0,0.5,0.249563456,0.0600000024,0,0.0667063147,0,1,2,3,-2.90000057,-0.00147661765,1,1
9,after-physics-previous-particle-snapshot,28,3,-2.903137,-0.5801884,0,-2.917137,-0.5801884,0,0.7,0,0,0,4095,3,-2.66757345,-0.5201884,0.697896957,0,0.5,0.235563517,0.0600000024,0,0.0527063757,0,1,2,3,-2.90000057,-0.00147661765,1,1
9,after-liquid,28,3,-2.903137,-0.5801884,0,-2.903137,-0.5801884,0,0.7,0,0,0,4095,3,-2.65361547,-0.5201884,0.697896957,0,0.5,0.2495215,0.0600000024,0,0.06666435,0,1,2,3,-2.90000057,-0.00147661765,1,1
