case,kind,frame,wall_frame_ms,camera_cpu_ms,allocated_bytes,completed_tick_render_ms
idle,normal,26,2.0639,1.9734,0,
idle,normal,27,8.8918,1.5417,0,
idle,normal,28,16.5104,1.6856,0,
idle,normal,29,18.3208,4.0813,0,
idle,normal,30,15.3941,3.7238,0,
idle,normal,31,14.7897,1.6867,0,
idle,normal,32,14.2722,2.0058,0,
idle,normal,33,20.3437,1.7651,0,
idle,normal,34,16.666,1.7894,0,
idle,normal,35,17.6769,2.8574,0,
idle,normal,36,20.7766,7.6856,0,
idle,normal,37,7.4002,1.5148,0,
idle,normal,38,16.8337,2.0258,0,
idle,normal,39,20.3714,2.5963,0,
idle,normal,40,15.6281,1.7243,0,
idle,normal,41,16.6449,1.4596,0,
idle,normal,42,16.8907,1.4331,0,
idle,normal,43,16.9281,1.4523,0,
idle,normal,44,14.3467,1.9817,0,
idle,normal,45,25.5816,3.256,0,
idle,normal,46,11.0223,1.396,0,
idle,normal,47,16.3468,1.7867,0,
idle,normal,48,15.1811,1.4055,0,
idle,normal,49,18.0799,1.7774,0,
idle,normal,50,11.156,1.8158,0,
idle,normal,51,20.1411,1.5695,0,
idle,normal,52,16.4975,2.0545,0,
idle,normal,53,17.5729,1.9074,0,
idle,normal,54,15.4862,1.871,0,
idle,normal,55,16.1158,1.3778,0,
idle,normal,56,55.5993,3.4707,0,
idle,normal,57,16.5928,1.388,0,
idle,normal,58,42.3805,1.5373,0,
idle,normal,59,421.4253,1.2779,0,
idle,normal,60,13.6493,1.6986,0,
idle,normal,61,2.23,1.2863,0,
idle,normal,62,23.3649,1.4846,0,
idle,normal,63,18.2762,1.719,0,
idle,normal,64,14.7531,1.5254,0,
idle,normal,65,16.0076,1.3107,0,
idle,normal,66,16.6513,1.2973,0,
idle,normal,67,17.1074,1.3031,0,
idle,normal,68,13.4895,1.4145,0,
idle,normal,69,19.9082,1.3753,0,
idle,normal,70,16.463,1.3856,0,
idle,normal,71,16.6659,1.4575,0,
idle,normal,72,16.7989,1.4446,0,
idle,normal,73,16.9006,1.7711,0,
idle,normal,74,13.6625,1.6096,0,
idle,normal,75,20.0926,1.3313,0,
idle,normal,76,16.463,1.4718,0,
idle,normal,77,17.3734,2.1541,0,
idle,normal,78,16.5106,2.1473,0,
idle,normal,79,16.5034,2.1384,0,
idle,normal,80,14.2289,2.7908,0,
idle,normal,81,22.5539,2.0181,0,
idle,normal,82,19.2663,6.71,0,
idle,normal,83,4.9425,1.1302,0,
idle,normal,84,23.4607,2.0814,0,
idle,normal,85,17.7183,2.5746,0,
idle,normal,86,11.1246,1.9392,0,
idle,normal,87,19.9447,1.7891,0,
idle,normal,88,16.2911,1.8077,0,
idle,normal,89,17.4701,2.1975,0,
idle,normal,90,16.1698,2.1447,0,
idle,normal,91,16.7691,2.0801,0,
idle,normal,92,12.9385,1.5806,0,
idle,normal,93,19.693,1.7999,0,
idle,normal,94,17.2881,1.3724,0,
idle,normal,95,17.2241,2.3827,0,
idle,normal,96,17.4074,2.5444,0,
idle,normal,97,14.8279,1.6394,0,
idle,normal,98,13.4447,1.5188,0,
idle,normal,99,20.0552,1.6496,0,
idle,normal,100,17.1955,2.1948,0,
idle,normal,101,15.913,1.4252,0,
idle,normal,102,59.1674,1.6038,0,
idle,normal,103,7.5476,1.0574,0,
idle,normal,104,16.225,2.0631,0,
idle,normal,105,16.6602,2.7126,0,
idle,normal,106,15.8054,2.5377,0,
idle,normal,107,18.1889,6.6884,0,
idle,normal,108,20.9674,8.4402,0,
idle,normal,109,5.0165,1.0929,0,
idle,normal,110,22.5049,1.6628,0,
idle,normal,111,17.1304,1.6929,0,
idle,normal,112,15.7139,1.7336,0,
idle,normal,113,13.1599,1.4053,0,
idle,normal,114,19.6063,1.6486,0,
idle,normal,115,313.76,1.1695,0,
idle,normal,116,15.2124,1.149,0,
idle,normal,117,5.2211,1.184,0,
idle,normal,118,18.7884,1.9349,0,
idle,normal,119,19.2018,2.4873,0,
idle,normal,120,19.7701,2.0677,0,
idle,normal,121,7.9019,6.676,0,
idle,normal,122,22.5031,1.7899,0,
idle,normal,123,14.7201,1.8407,0,
idle,normal,124,17.1153,1.9113,0,
idle,normal,125,16.9646,1.824,0,
idle,normal,126,18.0492,2.6614,0,
idle,normal,127,10.1034,1.684,0,
idle,normal,128,23.0453,2.9084,0,
idle,normal,129,12.9745,1.3698,0,
idle,normal,130,18.0129,1.4306,0,
idle,normal,131,16.081,1.4759,0,
idle,normal,132,16.7338,1.5224,0,
idle,normal,133,12.8623,1.3343,0,
idle,normal,134,21.2295,1.796,0,
idle,normal,135,16.0438,1.6261,0,
idle,normal,136,16.0049,1.8869,0,
idle,normal,137,16.8107,1.9405,0,
idle,normal,138,16.9214,1.3526,0,
idle,normal,139,14.0272,1.9478,0,
idle,normal,140,19.0139,1.4086,0,
idle,normal,141,17.5488,2.3341,0,
idle,normal,142,16.3263,1.3295,0,
idle,normal,143,18.1369,1.4184,0,
idle,normal,144,14.0735,1.3502,0,
idle,normal,145,14.4777,1.6497,0,
idle,normal,146,19.6872,1.818,0,
idle,normal,147,16.8865,1.9508,0,
idle,normal,148,16.5171,2.1453,0,
idle,normal,149,17.1851,1.5174,0,
idle,normal,150,17.0836,1.5179,0,
idle,normal,151,12.5304,1.6312,0,
idle,normal,152,20.056,1.854,0,
idle,normal,153,16.58,2.036,0,
idle,normal,154,20.6741,1.3529,0,
idle,normal,155,11.7108,1.3428,0,
idle,normal,156,16.8403,1.3254,0,
idle,normal,157,13.9411,1.4566,0,
idle,normal,158,19.7711,1.6325,0,
idle,completed-tick-render,160,,,,22.0721
idle,completed-tick-render,161,,,,18.2976
idle,completed-tick-render,162,,,,20.601
idle,completed-tick-render,163,,,,20.2179
idle,completed-tick-render,164,,,,19.964
idle,completed-tick-render,165,,,,21.068
idle,completed-tick-render,166,,,,22.7604
idle,completed-tick-render,167,,,,21.2877
idle,completed-tick-render,168,,,,21.0601
idle,completed-tick-render,169,,,,22.1448
idle,completed-tick-render,170,,,,20.2828
idle,completed-tick-render,171,,,,19.5127
idle,completed-tick-render,172,,,,20.5637
idle,completed-tick-render,173,,,,23.1515
idle,completed-tick-render,174,,,,20.4206
idle,completed-tick-render,175,,,,21.1059
idle,completed-tick-render,176,,,,20.0145
idle,completed-tick-render,177,,,,20.9879
idle,completed-tick-render,178,,,,21.8835
idle,completed-tick-render,179,,,,21.8146
glass-drag,normal,238,1.9208,1.8114,0,
glass-drag,normal,239,20.2539,1.4699,0,
glass-drag,normal,240,15.7711,1.574,0,
glass-drag,normal,241,15.7913,1.8065,0,
glass-drag,normal,242,17.9885,1.7852,0,
glass-drag,normal,243,15.9863,1.5438,0,
glass-drag,normal,244,13.1197,1.9158,0,
glass-drag,normal,245,19.1165,1.4785,0,
glass-drag,normal,246,17.4391,2.0066,0,
glass-drag,normal,247,16.445,1.6581,0,
glass-drag,normal,248,16.429,1.6144,0,
glass-drag,normal,249,17.9047,1.7772,0,
glass-drag,normal,250,12.3404,1.5394,0,
glass-drag,normal,251,20.0737,1.5112,0,
glass-drag,normal,252,16.8233,1.8268,0,
glass-drag,normal,253,16.269,1.6393,0,
glass-drag,normal,254,16.9006,1.46,0,
glass-drag,normal,255,17.1133,1.7698,0,
glass-drag,normal,256,12.7898,1.7959,0,
glass-drag,normal,257,19.8882,1.7128,0,
glass-drag,normal,258,16.929,1.662,0,
glass-drag,normal,259,16.8135,1.5924,0,
glass-drag,normal,260,16.5907,1.5953,0,
glass-drag,normal,261,16.5408,1.5714,0,
glass-drag,normal,262,13.9202,2.0854,0,
glass-drag,normal,263,21.262,1.7537,0,
glass-drag,normal,264,14.4486,1.9822,0,
glass-drag,normal,265,17.5569,1.7768,0,
glass-drag,normal,266,15.9977,1.6649,0,
glass-drag,normal,267,16.5672,1.5145,0,
glass-drag,normal,268,13.81,1.8539,0,
glass-drag,normal,269,19.4483,1.7785,0,
glass-drag,normal,270,16.8108,1.5467,0,
glass-drag,normal,271,16.6187,1.4932,0,
glass-drag,normal,272,16.3709,1.4942,0,
glass-drag,normal,273,17.0537,1.6408,0,
glass-drag,normal,274,13.5235,1.7629,0,
glass-drag,normal,275,20.4606,1.6403,0,
glass-drag,normal,276,16.1664,1.9431,0,
glass-drag,normal,277,16.7471,1.6879,0,
glass-drag,normal,278,16.4835,1.5673,0,
glass-drag,normal,279,16.7283,1.5303,0,
glass-drag,normal,280,14.5034,2.5121,0,
glass-drag,normal,281,18.3374,1.8321,0,
glass-drag,normal,282,16.655,1.5842,0,
glass-drag,normal,283,16.4129,1.4678,0,
glass-drag,normal,284,17.51,1.9801,0,
glass-drag,normal,285,15.5986,1.2462,0,
glass-drag,normal,286,13.9585,1.3686,0,
glass-drag,normal,287,21.0679,1.2687,0,
glass-drag,normal,288,19.2826,1.4614,0,
glass-drag,normal,289,13.1105,1.6811,0,
glass-drag,normal,290,16.1414,1.3101,0,
glass-drag,normal,291,16.8878,1.3349,0,
glass-drag,normal,292,14.1288,1.3981,0,
glass-drag,normal,293,19.0586,1.5645,0,
glass-drag,normal,294,16.3587,1.3407,0,
glass-drag,normal,295,16.6385,1.3171,0,
glass-drag,normal,296,18.0444,1.4608,0,
glass-drag,normal,297,15.5009,1.3319,0,
glass-drag,normal,298,14.5414,1.6472,0,
glass-drag,normal,299,21.9332,3.4744,0,
glass-drag,normal,300,15.8134,2.3733,0,
glass-drag,normal,301,16.8493,1.9844,0,
glass-drag,normal,302,15.9865,2.2105,0,
glass-drag,normal,303,16.972,2.1886,0,
glass-drag,normal,304,12.0122,1.5344,0,
glass-drag,normal,305,19.9078,1.8028,0,
glass-drag,normal,306,16.7292,1.9005,0,
glass-drag,normal,307,16.2377,1.5459,0,
glass-drag,normal,308,16.8275,1.5782,0,
glass-drag,normal,309,16.7023,1.926,0,
glass-drag,normal,310,13.3416,1.4165,0,
glass-drag,normal,311,21.5822,2.0735,0,
glass-drag,normal,312,14.6209,1.3656,0,
glass-drag,normal,313,16.8694,1.4242,0,
glass-drag,normal,314,16.4121,1.3672,0,
glass-drag,normal,315,17.2403,1.7001,0,
glass-drag,normal,316,13.5605,1.4822,0,
glass-drag,normal,317,20.6523,2.1787,0,
glass-drag,normal,318,15.9526,1.376,0,
glass-drag,normal,319,16.0459,1.3497,0,
glass-drag,normal,320,17.8144,1.3266,0,
glass-drag,normal,321,16.1977,1.4079,0,
glass-drag,normal,322,13.4724,1.368,0,
glass-drag,normal,323,19.6774,1.6811,0,
glass-drag,normal,324,17.1324,1.4856,0,
glass-drag,normal,325,16.6391,1.6657,0,
glass-drag,normal,326,16.8005,1.4338,0,
glass-drag,normal,327,17.7503,1.9653,0,
glass-drag,normal,328,12.4527,1.6904,0,
glass-drag,normal,329,19.8382,1.565,0,
glass-drag,normal,330,17.5784,1.3927,0,
glass-drag,normal,331,15.5147,1.4177,0,
glass-drag,normal,332,16.5254,1.6267,0,
glass-drag,normal,333,16.2409,1.2355,0,
glass-drag,normal,334,14.5736,1.442,0,
glass-drag,normal,335,18.6579,1.2783,0,
glass-drag,normal,336,16.5217,1.5245,0,
glass-drag,normal,337,17.8593,1.4501,0,
glass-drag,normal,338,16.1784,1.4305,0,
glass-drag,normal,339,17.0547,1.3334,0,
glass-drag,normal,340,14.2179,1.4932,0,
glass-drag,normal,341,19.189,1.489,0,
glass-drag,normal,342,16.3026,1.3432,0,
glass-drag,normal,343,16.2868,1.2704,0,
glass-drag,normal,344,17.0712,1.3111,0,
glass-drag,normal,345,17.156,1.8693,0,
glass-drag,normal,346,13.3934,1.3273,0,
glass-drag,normal,347,19.3187,1.3031,0,
glass-drag,normal,348,16.7367,1.3734,0,
glass-drag,normal,349,16.5864,1.4684,0,
glass-drag,normal,350,16.9963,1.6617,0,
glass-drag,normal,351,16.0138,1.3447,0,
glass-drag,normal,352,13.9267,1.3191,0,
glass-drag,normal,353,19.5149,1.3228,0,
glass-drag,normal,354,17.2543,1.4226,0,
glass-drag,normal,355,16.3321,1.3486,0,
glass-drag,normal,356,16.3316,1.2679,0,
glass-drag,normal,357,16.7593,1.2516,0,
glass-drag,normal,358,14.4312,1.5881,0,
glass-drag,normal,359,19.3029,1.9566,0,
glass-drag,normal,360,16.0588,1.2946,0,
glass-drag,normal,361,16.6683,1.2709,0,
glass-drag,normal,362,15.9326,1.3221,0,
glass-drag,normal,363,17.2242,1.3568,0,
glass-drag,normal,364,13.5576,1.2995,0,
glass-drag,normal,365,19.8426,1.3149,0,
glass-drag,normal,366,16.5382,1.3604,0,
glass-drag,normal,367,17.3673,1.7914,0,
glass-drag,normal,368,15.4526,1.3416,0,
glass-drag,normal,369,17.6063,1.2929,0,
glass-drag,normal,370,13.4959,1.7973,0,
glass-drag,normal,371,19.1028,1.3815,0,
glass-drag,normal,372,16.821,1.3532,0,
glass-drag,normal,373,16.5591,1.3935,0,
glass-drag,normal,374,16.7233,1.4053,0,
glass-drag,normal,375,16.3804,1.2943,0,
glass-drag,normal,376,14.8856,1.41,0,
glass-drag,normal,377,18.9249,1.455,0,
glass-drag,normal,378,17.3265,2.0211,0,
glass-drag,normal,379,16.775,1.4399,0,
glass-drag,normal,380,16.0463,1.2972,0,
glass-drag,normal,381,17.3504,1.3553,0,
glass-drag,normal,382,13.4216,1.4478,0,
glass-drag,normal,383,19.5322,1.3011,0,
glass-drag,normal,384,15.9847,1.3617,0,
glass-drag,normal,385,16.7215,1.3837,0,
glass-drag,normal,386,19.6189,1.5986,0,
glass-drag,normal,387,14.0339,1.4767,0,
glass-drag,normal,388,13.936,1.381,0,
glass-drag,normal,389,19.3268,1.6201,0,
glass-drag,normal,390,17.0447,1.3799,0,
glass-drag,normal,391,16.5119,1.5122,0,
glass-drag,normal,392,16.5696,1.5559,0,
glass-drag,normal,393,17.4574,1.3284,0,
glass-drag,normal,394,13.0644,1.5256,0,
glass-drag,normal,395,20.0395,1.5253,0,
glass-drag,normal,396,19.2764,1.8987,0,
glass-drag,normal,397,13.3985,1.3899,0,
glass-drag,normal,398,17.9202,1.875,0,
glass-drag,normal,399,15.7345,1.5718,0,
glass-drag,normal,400,13.6821,1.7772,0,
glass-drag,normal,401,19.8667,1.5754,0,
glass-drag,normal,402,15.8685,1.3793,0,
glass-drag,normal,403,16.6791,1.4296,0,
glass-drag,normal,404,18.5733,1.9806,0,
glass-drag,normal,405,16.6568,1.6917,0,
glass-drag,normal,406,13.3277,2.2639,0,
glass-drag,normal,407,19.8582,2.083,0,
glass-drag,normal,408,15.732,1.4846,0,
glass-drag,normal,409,18.169,1.5431,0,
glass-drag,normal,410,15.3717,1.5434,0,
glass-drag,normal,411,16.195,1.4955,0,
glass-drag,normal,412,14.0479,1.9073,0,
glass-drag,normal,413,19.6781,1.741,0,
glass-drag,normal,414,15.6795,1.4787,0,
glass-drag,normal,415,16.8913,1.4674,0,
glass-drag,normal,416,16.7555,1.4124,0,
glass-drag,normal,417,17.8843,1.491,0,
glass-drag,completed-tick-render,419,,,,27.7244
glass-drag,completed-tick-render,420,,,,25.6906
glass-drag,completed-tick-render,421,,,,26.889
glass-drag,completed-tick-render,422,,,,26.5695
glass-drag,completed-tick-render,423,,,,27.1783
glass-drag,completed-tick-render,424,,,,25.9419
glass-drag,completed-tick-render,425,,,,27.0703
glass-drag,completed-tick-render,426,,,,27.4467
glass-drag,completed-tick-render,427,,,,27.4249
glass-drag,completed-tick-render,428,,,,26.4845
glass-drag,completed-tick-render,429,,,,28.1223
glass-drag,completed-tick-render,430,,,,27.7494
glass-drag,completed-tick-render,431,,,,25.9786
glass-drag,completed-tick-render,432,,,,26.3946
glass-drag,completed-tick-render,433,,,,28.3071
glass-drag,completed-tick-render,434,,,,31.2288
glass-drag,completed-tick-render,435,,,,30.1724
glass-drag,completed-tick-render,436,,,,29.1899
glass-drag,completed-tick-render,437,,,,34.2621
glass-drag,completed-tick-render,438,,,,30.8952
glass-rotate,normal,496,1.736,1.6171,0,
glass-rotate,normal,497,16.6329,2.0367,0,
glass-rotate,normal,498,13.1556,1.7139,0,
glass-rotate,normal,499,20.1949,1.4202,0,
glass-rotate,normal,500,15.858,1.3737,0,
glass-rotate,normal,501,27.9029,1.4863,0,
glass-rotate,normal,502,5.1359,1.1926,0,
glass-rotate,normal,503,17.5732,1.5902,0,
glass-rotate,normal,504,13.6309,1.8627,0,
glass-rotate,normal,505,20.1116,1.6255,0,
glass-rotate,normal,506,16.0434,1.5541,0,
glass-rotate,normal,507,15.9894,1.3021,0,
glass-rotate,normal,508,17.8629,1.7506,0,
glass-rotate,normal,509,15.8099,1.5048,0,
glass-rotate,normal,510,17.5445,1.3466,0,
glass-rotate,normal,511,13.2248,1.7243,0,
glass-rotate,normal,512,18.8541,1.3196,0,
glass-rotate,normal,513,17.4654,1.5078,0,
glass-rotate,normal,514,17.9543,1.9394,0,
glass-rotate,normal,515,15.7538,1.4073,0,
glass-rotate,normal,516,12.9192,1.3962,0,
glass-rotate,normal,517,19.3164,1.2824,0,
glass-rotate,normal,518,16.9695,1.3834,0,
glass-rotate,normal,519,16.9307,1.2723,0,
glass-rotate,normal,520,16.0333,1.317,0,
glass-rotate,normal,521,17.0108,1.8477,0,
glass-rotate,normal,522,13.6251,1.4529,0,
glass-rotate,normal,523,20.3533,2.102,0,
glass-rotate,normal,524,15.8573,1.4888,0,
glass-rotate,normal,525,16.8819,1.509,0,
glass-rotate,normal,526,16.5784,1.3531,0,
glass-rotate,normal,527,16.0463,1.3,0,
glass-rotate,normal,528,17.8265,1.4649,0,
glass-rotate,normal,529,12.737,1.3534,0,
glass-rotate,normal,530,21.0204,1.8529,0,
glass-rotate,normal,531,15.2564,1.3089,0,
glass-rotate,normal,532,17.0779,1.3348,0,
glass-rotate,normal,533,28.8432,1.3637,0,
glass-rotate,normal,534,5.2007,1.026,0,
glass-rotate,normal,535,14.0121,1.4491,0,
glass-rotate,normal,536,19.3238,1.3113,0,
glass-rotate,normal,537,17.0409,1.8925,0,
glass-rotate,normal,538,16.0109,1.3599,0,
glass-rotate,normal,539,17.3429,1.7453,0,
glass-rotate,normal,540,16.2929,1.3016,0,
glass-rotate,normal,541,13.935,1.6836,0,
glass-rotate,normal,542,19.3965,1.3937,0,
glass-rotate,normal,543,16.6962,1.4068,0,
glass-rotate,normal,544,16.5826,1.4137,0,
glass-rotate,normal,545,16.3397,1.3019,0,
glass-rotate,normal,546,16.8403,1.488,0,
glass-rotate,normal,547,13.9467,1.4272,0,
glass-rotate,normal,548,19.2958,1.3588,0,
glass-rotate,normal,549,16.9245,1.7101,0,
glass-rotate,normal,550,19.7135,1.5729,0,
glass-rotate,normal,551,14.5098,1.437,0,
glass-rotate,normal,552,17.4445,1.976,0,
glass-rotate,normal,553,12.9033,1.7953,0,
glass-rotate,normal,554,19.9747,1.9202,0,
glass-rotate,normal,555,16.291,2.1441,0,
glass-rotate,normal,556,16.6969,2.1154,0,
glass-rotate,normal,557,16.5705,1.8067,0,
glass-rotate,normal,558,17.0938,1.8238,0,
glass-rotate,normal,559,13.2608,1.8898,0,
glass-rotate,normal,560,19.3761,1.8983,0,
glass-rotate,normal,561,16.8497,1.7644,0,
glass-rotate,normal,562,16.3651,1.5606,0,
glass-rotate,normal,563,16.8641,1.9297,0,
glass-rotate,normal,564,16.1562,1.6392,0,
glass-rotate,normal,565,14.4038,1.7375,0,
glass-rotate,normal,566,20.0571,1.8691,0,
glass-rotate,normal,567,16.5282,1.3943,0,
glass-rotate,normal,568,15.9051,1.4492,0,
glass-rotate,normal,569,16.1714,1.3788,0,
glass-rotate,normal,570,16.4643,1.3143,0,
glass-rotate,normal,571,14.2392,1.6309,0,
glass-rotate,normal,572,19.2302,1.6335,0,
glass-rotate,normal,573,153.4802,1.3531,0,
glass-rotate,normal,574,19.777,1.231,0,
glass-rotate,normal,575,6.9598,1.4144,0,
glass-rotate,normal,576,14.7575,1.2434,0,
glass-rotate,normal,577,16.1084,1.256,0,
glass-rotate,normal,578,16.9162,1.5314,0,
glass-rotate,normal,579,13.8016,1.3974,0,
glass-rotate,normal,580,19.1654,1.193,0,
glass-rotate,normal,581,17.2378,1.322,0,
glass-rotate,normal,582,16.7358,1.257,0,
glass-rotate,normal,583,17.3208,1.4446,0,
glass-rotate,normal,584,15.7638,1.4346,0,
glass-rotate,normal,585,13.6233,1.2961,0,
glass-rotate,normal,586,19.8621,1.4891,0,
glass-rotate,normal,587,18.076,2.8041,0,
glass-rotate,normal,588,15.233,1.581,0,
glass-rotate,normal,589,18.8387,1.7932,0,
glass-rotate,normal,590,15.1188,1.6923,0,
glass-rotate,normal,591,13.2942,1.5097,0,
glass-rotate,normal,592,19.3203,1.4168,0,
glass-rotate,normal,593,17.4319,1.5107,0,
glass-rotate,normal,594,547.0565,1.2762,0,
glass-rotate,normal,595,44.4774,1.3939,0,
glass-rotate,normal,596,7.8132,1.0232,0,
glass-rotate,normal,597,13.8476,1.6359,0,
glass-rotate,normal,598,13.4365,1.2817,0,
glass-rotate,normal,599,19.8234,1.378,0,
glass-rotate,normal,600,16.9114,1.3117,0,
glass-rotate,normal,601,16.1631,1.2498,0,
glass-rotate,normal,602,16.7233,1.2734,0,
glass-rotate,normal,603,16.473,1.3213,0,
glass-rotate,normal,604,14.197,1.3116,0,
glass-rotate,normal,605,19.2653,1.2655,0,
glass-rotate,normal,606,16.6225,1.3035,0,
glass-rotate,normal,607,16.6428,1.3297,0,
glass-rotate,normal,608,17.1059,1.5538,0,
glass-rotate,normal,609,16.2759,1.2406,0,
glass-rotate,normal,610,13.9209,1.3062,0,
glass-rotate,normal,611,20.0757,1.8232,0,
glass-rotate,normal,612,16.5222,1.6768,0,
glass-rotate,normal,613,16.7333,1.7679,0,
glass-rotate,normal,614,16.4577,1.5471,0,
glass-rotate,normal,615,16.896,1.5138,0,
glass-rotate,normal,616,13.7867,1.6405,0,
glass-rotate,normal,617,19.1181,1.5208,0,
glass-rotate,normal,618,16.8627,1.7645,0,
glass-rotate,normal,619,16.9678,1.7101,0,
glass-rotate,normal,620,449.5099,1.2834,0,
glass-rotate,completed-tick-render,622,,,,30.7159
glass-rotate,completed-tick-render,623,,,,28.4949
glass-rotate,completed-tick-render,624,,,,27.4572
glass-rotate,completed-tick-render,625,,,,26.2575
glass-rotate,completed-tick-render,626,,,,26.8626
glass-rotate,completed-tick-render,627,,,,26.0776
glass-rotate,completed-tick-render,628,,,,26.2972
glass-rotate,completed-tick-render,629,,,,27.9961
glass-rotate,completed-tick-render,630,,,,26.8721
glass-rotate,completed-tick-render,631,,,,26.9272
glass-rotate,completed-tick-render,632,,,,26.5952
glass-rotate,completed-tick-render,633,,,,25.6854
glass-rotate,completed-tick-render,634,,,,26.3883
glass-rotate,completed-tick-render,635,,,,26.1084
glass-rotate,completed-tick-render,636,,,,25.0188
glass-rotate,completed-tick-render,637,,,,27.3916
glass-rotate,completed-tick-render,638,,,,25.2226
glass-rotate,completed-tick-render,639,,,,24.8576
glass-rotate,completed-tick-render,640,,,,24.8267
glass-rotate,completed-tick-render,641,,,,25.2595
bottle-pour,normal,700,2.1469,2.0673,0,
bottle-pour,normal,701,17.0795,1.8166,0,
bottle-pour,normal,702,17.2438,2.2725,0,
bottle-pour,normal,703,17.1851,2.0599,0,
bottle-pour,normal,704,11.3682,1.6682,0,
bottle-pour,normal,705,22.0935,2.383,0,
bottle-pour,normal,706,15.4612,2.3665,0,
bottle-pour,normal,707,18.8808,2.1852,0,
bottle-pour,normal,708,13.039,1.6539,0,
bottle-pour,normal,709,17.8071,2.5864,0,
bottle-pour,normal,710,12.3596,1.4412,0,
bottle-pour,normal,711,22.3474,2.4529,0,
bottle-pour,normal,712,15.9448,1.8967,0,
bottle-pour,normal,713,15.7895,2.249,0,
bottle-pour,normal,714,16.9078,1.9694,0,
bottle-pour,normal,715,15.8538,1.6876,0,
bottle-pour,normal,716,14.2899,2.2849,0,
bottle-pour,normal,717,19.3289,1.807,0,
bottle-pour,normal,718,17.193,1.893,0,
bottle-pour,normal,719,15.5032,1.7678,0,
bottle-pour,normal,720,16.4007,1.5306,0,
bottle-pour,normal,721,17.4095,2.1109,0,
bottle-pour,normal,722,13.5275,1.8495,0,
bottle-pour,normal,723,19.4574,1.5516,0,
bottle-pour,normal,724,17.349,1.6676,0,
bottle-pour,normal,725,20.2001,1.4857,0,
bottle-pour,normal,726,11.7892,1.3196,0,
bottle-pour,normal,727,17.1789,1.4681,0,
bottle-pour,normal,728,13.7218,1.4929,0,
bottle-pour,normal,729,20.6306,1.9453,0,
bottle-pour,normal,730,16.7471,2.6441,0,
bottle-pour,normal,731,15.96,1.8663,0,
bottle-pour,normal,732,18.0585,2.0578,0,
bottle-pour,normal,733,16.0135,2.1369,0,
bottle-pour,normal,734,12.2057,1.3091,0,
bottle-pour,normal,735,21.1944,1.622,0,
bottle-pour,normal,736,16.1132,2.2232,0,
bottle-pour,normal,737,20.8105,1.5927,0,
bottle-pour,normal,738,12.2464,1.4793,0,
bottle-pour,normal,739,16.1318,1.3914,0,
bottle-pour,normal,740,13.6323,1.3732,0,
bottle-pour,normal,741,20.9459,2.0782,0,
bottle-pour,normal,742,18.1351,2.2965,0,
bottle-pour,normal,743,14.8274,1.9426,0,
bottle-pour,normal,744,16.5505,1.873,0,
bottle-pour,normal,745,16.2975,1.716,0,
bottle-pour,normal,746,13.3503,1.509,0,
bottle-pour,normal,747,21.6403,2.3059,0,
bottle-pour,normal,748,16.2179,1.9092,0,
bottle-pour,normal,749,16.9069,2.9308,0,
bottle-pour,normal,750,21.737,1.8941,0,
bottle-pour,normal,751,2.2235,1.1846,0,
bottle-pour,normal,752,25.3211,1.8105,0,
bottle-pour,normal,753,16.8743,1.9214,0,
bottle-pour,normal,754,16.0817,2.1625,0,
bottle-pour,normal,755,16.7828,2.438,0,
bottle-pour,normal,756,16.7919,2.3089,0,
bottle-pour,normal,757,16.9927,2.0981,0,
bottle-pour,normal,758,12.6551,1.4742,0,
bottle-pour,normal,759,20.7218,1.9528,0,
bottle-pour,normal,760,16.7005,1.6838,0,
bottle-pour,normal,761,16.4571,2.007,0,
bottle-pour,normal,762,20.7884,1.9093,0,
bottle-pour,normal,763,11.8787,1.7943,0,
bottle-pour,normal,764,13.1633,1.5401,0,
bottle-pour,normal,765,19.9182,1.6387,0,
bottle-pour,normal,766,16.739,1.8572,0,
bottle-pour,normal,767,17.7456,1.9889,0,
bottle-pour,normal,768,15.6766,2.1131,0,
bottle-pour,normal,769,18.0042,2.2266,0,
bottle-pour,normal,770,11.7328,1.3927,0,
bottle-pour,normal,771,22.0193,3.0424,0,
bottle-pour,normal,772,17.001,2.3563,0,
bottle-pour,normal,773,16.3517,2.0061,0,
bottle-pour,normal,774,16.6966,1.682,0,
bottle-pour,normal,775,20.5692,2.2372,0,
bottle-pour,normal,776,2.1539,1.136,0,
bottle-pour,normal,777,26.1321,2.2896,0,
bottle-pour,normal,778,17.9028,2.5082,0,
bottle-pour,normal,779,16.1572,1.9515,0,
bottle-pour,normal,780,15.9389,1.9113,0,
bottle-pour,normal,781,16.2272,1.7067,0,
bottle-pour,normal,782,15.1026,3.144,0,
bottle-pour,normal,783,21.7434,2.5462,0,
bottle-pour,normal,784,13.3114,1.6725,0,
bottle-pour,normal,785,17.2964,1.7775,0,
bottle-pour,normal,786,18.8908,3.0336,0,
bottle-pour,normal,787,24.9291,2.6026,0,
bottle-pour,normal,788,2.198,1.1558,0,
bottle-pour,normal,789,20.9839,2.2885,0,
bottle-pour,normal,790,16.832,2.5251,0,
bottle-pour,normal,791,17.1299,2.9402,0,
bottle-pour,normal,792,17.4528,2.4297,0,
bottle-pour,normal,793,15.6968,1.8394,0,
bottle-pour,normal,794,12.3232,1.7776,0,
bottle-pour,normal,795,21.5252,2.6575,0,
bottle-pour,normal,796,17.4615,2.1694,0,
bottle-pour,normal,797,15.0533,1.7746,0,
bottle-pour,normal,798,18.54,2.8546,0,
bottle-pour,normal,799,15.1114,2.0543,0,
bottle-pour,normal,800,19.1709,1.8986,0,
bottle-pour,normal,801,14.4977,1.8658,0,
bottle-pour,normal,802,16.7417,2.1948,0,
bottle-pour,normal,803,16.1411,2.0151,0,
bottle-pour,normal,804,15.6207,1.8848,0,
bottle-pour,normal,805,17.2053,1.9446,0,
bottle-pour,normal,806,12.6477,1.479,0,
bottle-pour,normal,807,20.7335,2.1945,0,
bottle-pour,normal,808,17.9748,3.1102,0,
bottle-pour,normal,809,15.5144,1.8643,0,
bottle-pour,normal,810,16.7713,1.8315,0,
bottle-pour,normal,811,18.0654,2.0631,0,
bottle-pour,normal,812,11.2656,1.6559,0,
bottle-pour,normal,813,20.3251,1.7678,0,
bottle-pour,normal,814,16.7314,2.0685,0,
bottle-pour,normal,815,17.1321,2.4627,0,
bottle-pour,normal,816,17.9927,2.5716,0,
bottle-pour,normal,817,14.9514,2.0066,0,
bottle-pour,normal,818,12.5889,1.4727,0,
bottle-pour,normal,819,20.1607,1.772,0,
bottle-pour,normal,820,18.3741,2.1471,0,
bottle-pour,normal,821,15.5953,2.1765,0,
bottle-pour,normal,822,17.1361,2.1117,0,
bottle-pour,normal,823,18.7617,2.5084,0,
bottle-pour,normal,824,10.6055,1.7947,0,
bottle-pour,normal,825,20.6218,1.5892,0,
bottle-pour,normal,826,19.0973,2.2403,0,
bottle-pour,normal,827,13.8428,2.2198,0,
bottle-pour,normal,828,15.6077,1.5286,0,
bottle-pour,normal,829,18.1598,1.5218,0,
bottle-pour,normal,830,11.933,1.394,0,
bottle-pour,normal,831,20.5873,1.8261,0,
bottle-pour,normal,832,16.2614,1.6103,0,
bottle-pour,normal,833,17.0109,2.6106,0,
bottle-pour,normal,834,17.3905,2.4244,0,
bottle-pour,normal,835,15.4675,1.8539,0,
bottle-pour,normal,836,13.8821,1.7349,0,
bottle-pour,normal,837,19.6437,1.616,0,
bottle-pour,normal,838,17.4046,2.3164,0,
bottle-pour,normal,839,20.9968,1.6483,0,
bottle-pour,normal,840,11.3214,1.2254,0,
bottle-pour,normal,841,17.0978,1.8485,0,
bottle-pour,normal,842,13.0569,1.3607,0,
bottle-pour,normal,843,20.3642,1.9507,0,
bottle-pour,normal,844,16.8084,1.7703,0,
bottle-pour,normal,845,15.9975,1.4278,0,
bottle-pour,normal,846,17.0976,1.96,0,
bottle-pour,normal,847,17.1381,1.8062,0,
bottle-pour,normal,848,12.5554,1.2811,0,
bottle-pour,normal,849,20.405,1.4222,0,
bottle-pour,normal,850,17.6494,2.7006,0,
bottle-pour,normal,851,23.0467,1.8739,0,
bottle-pour,normal,852,5.7678,1.1383,0,
bottle-pour,normal,853,19.9649,1.4953,0,
bottle-pour,normal,854,13.1525,1.3976,0,
bottle-pour,normal,855,20.7631,2.033,0,
bottle-pour,normal,856,19.5167,2.0906,0,
bottle-pour,normal,857,15.7284,2.1347,0,
bottle-pour,normal,858,16.4562,2.754,0,
bottle-pour,normal,859,16.1596,2.7544,0,
bottle-pour,normal,860,11.6641,1.5066,0,
bottle-pour,normal,861,20.2389,1.6178,0,
bottle-pour,normal,862,16.9738,1.4718,0,
bottle-pour,normal,863,16.7234,1.7221,0,
bottle-pour,normal,864,20.1643,1.5731,0,
bottle-pour,normal,865,12.6544,1.404,0,
bottle-pour,normal,866,13.7676,1.3791,0,
bottle-pour,normal,867,20.228,1.5844,0,
bottle-pour,normal,868,16.074,1.4645,0,
bottle-pour,normal,869,16.5258,1.439,0,
bottle-pour,normal,870,16.9338,1.3385,0,
bottle-pour,normal,871,17.3838,1.4883,0,
bottle-pour,normal,872,12.6687,1.3751,0,
bottle-pour,normal,873,19.7712,1.6763,0,
bottle-pour,normal,874,16.6291,2.2081,0,
bottle-pour,normal,875,17.1593,1.9789,0,
bottle-pour,normal,876,15.8121,1.691,0,
bottle-pour,normal,877,23.0987,1.4138,0,
bottle-pour,normal,878,2.4962,0.9128,0,
bottle-pour,normal,879,25.1476,1.4922,0,
bottle-pour,completed-tick-render,881,,,,20.6099
bottle-pour,completed-tick-render,882,,,,21.6627
bottle-pour,completed-tick-render,883,,,,20.1993
bottle-pour,completed-tick-render,884,,,,18.4184
bottle-pour,completed-tick-render,885,,,,21.7081
bottle-pour,completed-tick-render,886,,,,21.3507
bottle-pour,completed-tick-render,887,,,,20.395
bottle-pour,completed-tick-render,888,,,,22.1681
bottle-pour,completed-tick-render,889,,,,24.1792
bottle-pour,completed-tick-render,890,,,,21.4416
bottle-pour,completed-tick-render,891,,,,20.2967
bottle-pour,completed-tick-render,892,,,,19.926
bottle-pour,completed-tick-render,893,,,,20.7532
bottle-pour,completed-tick-render,894,,,,25.0435
bottle-pour,completed-tick-render,895,,,,21.9893
bottle-pour,completed-tick-render,896,,,,19.8414
bottle-pour,completed-tick-render,897,,,,19.3959
bottle-pour,completed-tick-render,898,,,,20.6075
bottle-pour,completed-tick-render,899,,,,22.9754
bottle-pour,completed-tick-render,900,,,,20.3092
