mode,fps,frame,fraction,expected_x,expected_y,observed_x,observed_y,error_world,alpha_sum
DImprovedSurface,30,0,0,-0.16006001830101013,1.9870749711990356,-0.16004258394241333,1.9871094226837158,3.8611677155131474E-05,123.0748028755188
DImprovedSurface,30,1,0.66666668653488159,-0.1335928738117218,1.9758979082107544,-0.1334698498249054,1.9759272336959839,0.00012647088442463428,122.95972698926926
DImprovedSurface,30,2,0.33333340287208557,-0.14682644605636597,1.981486439704895,-0.146829754114151,1.98148512840271,3.558477146725636E-06,123.29800796508789
DImprovedSurface,30,3,1.1175870895385742E-07,-0.16006001830101013,1.9870749711990356,-0.16004258394241333,1.9871094226837158,3.8611677155131474E-05,123.0748028755188
DImprovedSurface,30,4,0.66666680574417114,-0.1335928738117218,1.9758979082107544,-0.1334698498249054,1.9759272336959839,0.00012647088442463428,122.95972698926926
DImprovedSurface,30,5,0.33333352208137512,-0.14682644605636597,1.981486439704895,-0.146829754114151,1.98148512840271,3.558477146725636E-06,123.29800796508789
DImprovedSurface,30,6,2.2351741790771484E-07,-0.16006000339984894,1.9870749711990356,-0.16004258394241333,1.9871094226837158,3.8604950532317162E-05,123.0748028755188
DImprovedSurface,30,7,0.66666692495346069,-0.1335928738117218,1.9758979082107544,-0.1334698498249054,1.9759272336959839,0.00012647088442463428,122.95972698926926
DImprovedSurface,60,0,0,-0.16006001830101013,1.9870749711990356,-0.16004258394241333,1.9871094226837158,3.8611677155131474E-05,123.0748028755188
DImprovedSurface,60,1,0.83333337306976318,-0.12697608768939972,1.9731036424636841,-0.12701869010925293,1.9732006788253784,0.00010597651271382347,123.33254933357239
DImprovedSurface,60,2,0.66666668653488159,-0.1335928738117218,1.9758979082107544,-0.1334698498249054,1.9759272336959839,0.00012647088442463428,122.95972698926926
DImprovedSurface,60,3,0.50000005960464478,-0.14020965993404388,1.9786921739578247,-0.14018386602401733,1.978672981262207,3.2150976039702073E-05,123.18899440765381
DImprovedSurface,60,4,0.33333340287208557,-0.14682644605636597,1.981486439704895,-0.146829754114151,1.98148512840271,3.558477146725636E-06,123.29800796508789
DImprovedSurface,60,5,0.16666676104068756,-0.15344323217868805,1.9842807054519653,-0.15334206819534302,1.9842774868011475,0.00010121516970684752,123.35822677612305
DImprovedSurface,60,6,1.1175870895385742E-07,-0.16006001830101013,1.9870749711990356,-0.16004258394241333,1.9871094226837158,3.8611677155131474E-05,123.0748028755188
DImprovedSurface,60,7,0.83333349227905273,-0.12697608768939972,1.9731036424636841,-0.12701869010925293,1.9732006788253784,0.00010597651271382347,123.33254933357239
DImprovedSurface,120,0,0,-0.16006001830101013,1.9870749711990356,-0.16004258394241333,1.9871094226837158,3.8611677155131474E-05,123.0748028755188
DImprovedSurface,120,1,0.41666668653488159,-0.14351806044578552,1.9800893068313599,-0.14340278506278992,1.9800623655319214,0.00011838178761536255,123.20950794219971
DImprovedSurface,120,2,0.83333337306976318,-0.12697608768939972,1.9731036424636841,-0.12701869010925293,1.9732006788253784,0.00010597651271382347,123.33254933357239
DImprovedSurface,120,3,0.25000002980232239,-0.1501348465681076,1.9828835725784302,-0.1501748263835907,1.9828927516937256,4.1020015487447381E-05,123.28615474700928
DImprovedSurface,120,4,0.66666668653488159,-0.1335928738117218,1.9758979082107544,-0.1334698498249054,1.9759272336959839,0.00012647088442463428,122.95972698926926
DImprovedSurface,120,5,0.083333380520343781,-0.15675161778926849,1.9856778383255005,-0.15658092498779297,1.985693097114563,0.00017137346731033176,123.18902909755707
DImprovedSurface,120,6,0.50000005960464478,-0.14020965993404388,1.9786921739578247,-0.14018386602401733,1.978672981262207,3.2150976039702073E-05,123.18899440765381
DImprovedSurface,120,7,0.91666674613952637,-0.12366769462823868,1.9717065095901489,-0.12369158864021301,1.9718092679977417,0.00010549982835073024,123.41981273889542
DImprovedSurface,144,0,0,-0.16006001830101013,1.9870749711990356,-0.16004258394241333,1.9871094226837158,3.8611677155131474E-05,123.0748028755188
DImprovedSurface,144,1,0.347222238779068,-0.14627504348754883,1.9812536239624023,-0.14626193046569824,1.981250524520874,1.3474341358232778E-05,123.29351055622101
DImprovedSurface,144,2,0.694444477558136,-0.13249008357524872,1.9754321575164795,-0.13234537839889526,1.9754625558853149,0.0001478636113461107,123.00356900691986
DImprovedSurface,144,3,0.04166669026017189,-0.15840582549571991,1.9863764047622681,-0.15832158923149109,1.9864113330841064,9.1190653620287776E-05,123.12088441848755
DImprovedSurface,144,4,0.38888892531394958,-0.14462085068225861,1.9805550575256348,-0.14452975988388062,1.9805357456207275,9.3115428171586245E-05,123.2237663269043
DImprovedSurface,144,5,0.73611116409301758,-0.1308358758687973,1.9747335910797119,-0.13073068857192993,1.974783182144165,0.00011629119399003685,123.17547357082367
DImprovedSurface,144,6,0.083333380520343781,-0.15675161778926849,1.9856778383255005,-0.15658092498779297,1.985693097114563,0.00017137346731033176,123.18902909755707
DImprovedSurface,144,7,0.43055561184883118,-0.14296665787696838,1.9798564910888672,-0.14285632967948914,1.9798343181610107,0.00011253421689616516,123.19711315631866
ECalibratedLiquid,30,0,0,-0.16006001830101013,1.9870749711990356,-0.15992313623428345,1.9871330261230469,0.00014868448488414288,61.829692840576172
ECalibratedLiquid,30,1,0.66666668653488159,-0.1335928738117218,1.9758979082107544,-0.13335111737251282,1.9759495258331299,0.00024720549117773771,61.647394061088562
ECalibratedLiquid,30,2,0.33333340287208557,-0.14682644605636597,1.981486439704895,-0.14685550332069397,1.9816354513168335,0.00015181826893240213,61.863925457000732
ECalibratedLiquid,30,3,1.1175870895385742E-07,-0.16006001830101013,1.9870749711990356,-0.15992313623428345,1.9871330261230469,0.00014868448488414288,61.829692840576172
ECalibratedLiquid,30,4,0.66666680574417114,-0.1335928738117218,1.9758979082107544,-0.13335111737251282,1.9759495258331299,0.00024720549117773771,61.647394061088562
ECalibratedLiquid,30,5,0.33333352208137512,-0.14682644605636597,1.981486439704895,-0.14685550332069397,1.9816354513168335,0.00015181826893240213,61.863925457000732
ECalibratedLiquid,30,6,2.2351741790771484E-07,-0.16006000339984894,1.9870749711990356,-0.15992313623428345,1.9871330261230469,0.00014867076242808253,61.829692840576172
ECalibratedLiquid,30,7,0.66666692495346069,-0.1335928738117218,1.9758979082107544,-0.13335111737251282,1.9759495258331299,0.00024720549117773771,61.647394061088562
ECalibratedLiquid,60,0,0,-0.16006001830101013,1.9870749711990356,-0.15992313623428345,1.9871330261230469,0.00014868448488414288,61.829692840576172
ECalibratedLiquid,60,1,0.83333337306976318,-0.12697608768939972,1.9731036424636841,-0.12701109051704407,1.9731462001800537,5.5103151680668816E-05,61.735388875007629
ECalibratedLiquid,60,2,0.66666668653488159,-0.1335928738117218,1.9758979082107544,-0.13335111737251282,1.9759495258331299,0.00024720549117773771,61.647394061088562
ECalibratedLiquid,60,3,0.50000005960464478,-0.14020965993404388,1.9786921739578247,-0.14016088843345642,1.9788635969161987,0.00017822594963945448,61.687117576599121
ECalibratedLiquid,60,4,0.33333340287208557,-0.14682644605636597,1.981486439704895,-0.14685550332069397,1.9816354513168335,0.00015181826893240213,61.863925457000732
ECalibratedLiquid,60,5,0.16666676104068756,-0.15344323217868805,1.9842807054519653,-0.15330415964126587,1.9842743873596191,0.00013921597565058619,61.955979347229004
ECalibratedLiquid,60,6,1.1175870895385742E-07,-0.16006001830101013,1.9870749711990356,-0.15992313623428345,1.9871330261230469,0.00014868448488414288,61.829692840576172
ECalibratedLiquid,60,7,0.83333349227905273,-0.12697608768939972,1.9731036424636841,-0.12701109051704407,1.9731462001800537,5.5103151680668816E-05,61.735388875007629
ECalibratedLiquid,120,0,0,-0.16006001830101013,1.9870749711990356,-0.15992313623428345,1.9871330261230469,0.00014868448488414288,61.829692840576172
ECalibratedLiquid,120,1,0.41666668653488159,-0.14351806044578552,1.9800893068313599,-0.14342370629310608,1.9802441596984863,0.0001813342678360641,61.744815170764923
ECalibratedLiquid,120,2,0.83333337306976318,-0.12697608768939972,1.9731036424636841,-0.12701109051704407,1.9731462001800537,5.5103151680668816E-05,61.735388875007629
ECalibratedLiquid,120,3,0.25000002980232239,-0.1501348465681076,1.9828835725784302,-0.15014836192131042,1.9829187393188477,3.7674453778890893E-05,61.821773052215576
ECalibratedLiquid,120,4,0.66666668653488159,-0.1335928738117218,1.9758979082107544,-0.13335111737251282,1.9759495258331299,0.00024720549117773771,61.647394061088562
ECalibratedLiquid,120,5,0.083333380520343781,-0.15675161778926849,1.9856778383255005,-0.15646979212760925,1.9856493473052979,0.00028326213941909373,61.8897705078125
ECalibratedLiquid,120,6,0.50000005960464478,-0.14020965993404388,1.9786921739578247,-0.14016088843345642,1.9788635969161987,0.00017822594963945448,61.687117576599121
ECalibratedLiquid,120,7,0.91666674613952637,-0.12366769462823868,1.9717065095901489,-0.12370821833610535,1.9718334674835205,0.00013326844782568514,61.761543750762939
ECalibratedLiquid,144,0,0,-0.16006001830101013,1.9870749711990356,-0.15992313623428345,1.9871330261230469,0.00014868448488414288,61.829692840576172
ECalibratedLiquid,144,1,0.347222238779068,-0.14627504348754883,1.9812536239624023,-0.14628705382347107,1.9814109802246094,0.00015781394904479384,61.865280151367188
ECalibratedLiquid,144,2,0.694444477558136,-0.13249008357524872,1.9754321575164795,-0.13222235441207886,1.9754475355148315,0.00026817043544724584,61.618707180023193
ECalibratedLiquid,144,3,0.04166669026017189,-0.15840582549571991,1.9863764047622681,-0.15817666053771973,1.986403226852417,0.00023072928888723254,61.863187789916992
ECalibratedLiquid,144,4,0.38888892531394958,-0.14462085068225861,1.9805550575256348,-0.1445624828338623,1.9807058572769165,0.00016170149319805205,61.814713418483734
ECalibratedLiquid,144,5,0.73611116409301758,-0.1308358758687973,1.9747335910797119,-0.13062778115272522,1.9747207164764404,0.00020849260909017175,61.648799657821655
ECalibratedLiquid,144,6,0.083333380520343781,-0.15675161778926849,1.9856778383255005,-0.15646979212760925,1.9856493473052979,0.00028326213941909373,61.8897705078125
ECalibratedLiquid,144,7,0.43055561184883118,-0.14296665787696838,1.9798564910888672,-0.14286339282989502,1.9800131320953369,0.00018761682440526783,61.720160007476807
