step,phase,ice_id,ice_owner,ice_x,ice_y,ice_angle,previous_x,previous_y,previous_angle,rb_vx,rb_vy,recovery_x,recovery_y,particle_slot,particle_owner,particle_x,particle_y,particle_vx,particle_vy,particle_ml,local_x,local_y,inside_solid,edge_distance,deep_inside,active_count,gpu_substeps
-1,initial-after-liquid,10,0,-2.903136,-0.582486749,0,-2.903136,-0.582486749,0,0,0,0,0,4095,3,-2.625279,-0.522486746,0,0,0.5,0.277857065,0.0600000024,0,0.0949999243,0,1,2
0,after-physics-previous-particle-snapshot,10,0,-2.889136,-0.582486749,0,-2.903136,-0.582486749,0,0.7,0,0,0,4095,3,-2.625279,-0.522486746,0,0,0.5,0.263857126,0.0600000024,0,0.0809999853,0,1,2
0,after-liquid,10,0,-2.889136,-0.582486749,0,-2.889136,-0.582486749,0,0.7,0,0,0,4095,3,-2.625279,-0.522486746,0,0,0.5,0.263857126,0.0600000024,0,0.0809999853,0,1,2
1,after-physics-previous-particle-snapshot,10,0,-2.87513614,-0.582486749,0,-2.889136,-0.582486749,0,0.7,0,0,0,4095,3,-2.625279,-0.522486746,0,0,0.5,0.249857187,0.0600000024,0,0.06700005,0,1,2
1,after-liquid,10,0,-2.87513614,-0.582486749,0,-2.87513614,-0.582486749,0,0.7,0,0,0,4095,3,-2.625279,-0.522486746,0,0,0.5,0.249857187,0.0600000024,0,0.06700005,0,1,2
2,after-physics-previous-particle-snapshot,10,0,-2.8611362,-0.582486749,0,-2.87513614,-0.582486749,0,0.7,0,0,0,4095,3,-2.625279,-0.522486746,0,0,0.5,0.235857248,0.0600000024,0,0.0530001074,0,1,2
2,after-liquid,10,0,-2.8611362,-0.582486749,0,-2.8611362,-0.582486749,0,0.7,0,0,0,4095,3,-2.625279,-0.522486746,0,0,0.5,0.235857248,0.0600000024,0,0.0530001074,0,1,2
3,after-physics-previous-particle-snapshot,10,0,-2.84713626,-0.582486749,0,-2.8611362,-0.582486749,0,0.7,0,0,0,4095,3,-2.625279,-0.522486746,0,0,0.5,0.221857309,0.0600000024,0,0.03900017,0,1,2
3,after-liquid,10,0,-2.84713626,-0.582486749,0,-2.84713626,-0.582486749,0,0.7,0,0,0,4095,3,-2.625279,-0.522486746,0,0,0.5,0.221857309,0.0600000024,0,0.03900017,0,1,2
4,after-physics-previous-particle-snapshot,10,0,-2.83313632,-0.582486749,0,-2.84713626,-0.582486749,0,0.7,0,0,0,4095,3,-2.625279,-0.522486746,0,0,0.5,0.20785737,0.0600000024,0,0.02500023,0,1,2
4,after-liquid,10,0,-2.83313632,-0.582486749,0,-2.83313632,-0.582486749,0,0.7,0,0,0,4095,3,-2.625279,-0.522486746,0,0,0.5,0.20785737,0.0600000024,0,0.02500023,0,1,2
5,after-physics-previous-particle-snapshot,10,0,-2.81913638,-0.582486749,0,-2.83313632,-0.582486749,0,0.7,0,0,0,4095,3,-2.625279,-0.522486746,0,0,0.5,0.193857431,0.0600000024,0,0.0110002905,0,1,2
5,after-liquid,10,0,-2.81913638,-0.582486749,0,-2.81913638,-0.582486749,0,0.7,0,0,0,4095,3,-2.625279,-0.522486746,0,0,0.5,0.193857431,0.0600000024,0,0.0110002905,0,1,2
6,after-physics-previous-particle-snapshot,10,0,-2.80513644,-0.582486749,0,-2.81913638,-0.582486749,0,0.7,0,0,0,4095,3,-2.625279,-0.522486746,0,0,0.5,0.179857492,0.0600000024,1,0.00299964845,1,1,2
6,after-liquid,10,0,-2.80513644,-0.582486749,0,-2.80513644,-0.582486749,0,0.7,0,0,0,4095,3,-2.625279,-0.522486746,0,0,0.5,0.179857492,0.0600000024,1,0.00299964845,1,1,2
