case,mode,vessel,requested_ml,accepted_ml,unseeded_ml,active_ml,owner_ml,free_ml,other_owner_ml,retired_ml,owned_inside_ml,p95_center_height,max_extent_height,tail_p95_height_range,tail_mean_speed_rms,unsettled_observation,surface_width,surface_height,source_opacity,visible_pixels_coverage005,visible_pixels_coverage025,raw_alpha_pixel_sum,normalized_coverage_pixel_sum,interior_pixels_coverage005,visible_area_world2,interior_area_world2,visible_edge_pixels,visual_interior_max_height,elapsed_wall_s
DImprovedSurface-Glass_highball-30ml,DImprovedSurface,Glass_highball,30,30,0,30,30,0,0,0,30,0.619492769241333,0.73570972681045532,0.002505183219909668,0.039633717387914658,False,1280,720,0.7019612193107605,24563,24446,17077.612198864575,24328.426844148431,24563,0.73889434337615967,0.73889434337615967,0,0.73768806457519531,1.5991668701171875
DImprovedSurface-Glass_highball-60ml,DImprovedSurface,Glass_highball,60,60,0,60,60,0,0,0,60,1.1442520618438721,1.2468881607055664,0.021772027015686035,0.059343528002500534,False,1280,720,0.70196044445037842,43633,43544,30465.589009687304,43400.698599517345,43633,1.31255042552948,1.31255042552948,0,1.2477622032165527,1.3146181106567383
DImprovedSurface-Glass_highball-120ml,DImprovedSurface,Glass_highball,120,80,40,80,80,0,0,0,80,1.4002044200897217,1.5503981113433838,0.032587766647338867,0.094428390264511108,True,1280,720,0.70195972919464111,54647,54558,38163.016654152423,54366.308119816706,54646,1.643869161605835,1.6438391208648682,0,1.5494191646575928,1.8386049270629883
ECalibratedLiquid-Glass_highball-30ml,ECalibratedLiquid,Glass_highball,30,30,0,30,30,0,0,0,30,0.15338349342346191,0.19773252308368683,0.0010504722595214844,0.036098003387451172,False,1280,720,0.7019612193107605,6353,6291,4364.6079543582164,6217.73372599436,6353,0.19110840559005737,0.19110840559005737,0,0.23309850692749023,5.2641983032226563
ECalibratedLiquid-Glass_highball-60ml,ECalibratedLiquid,Glass_highball,60,60,0,60,60,0,0,0,60,0.32637953758239746,0.3558383584022522,0.0019911527633666992,0.023028083145618439,False,1280,720,0.70196044445037842,12910,12839,8957.5845412239432,12760.804604396224,12910,0.38835343718528748,0.38835343718528748,0,0.39763855934143066,8.8437862396240234
ECalibratedLiquid-Glass_highball-120ml,ECalibratedLiquid,Glass_highball,120,120,0,120,120,0,0,0,120,0.67613637447357178,0.71557241678237915,0.0038857460021972656,0.08346354216337204,False,1280,720,0.70196086168289185,25699,25644,17942.882807811722,25561.082269850187,25699,0.77306699752807617,0.77306699752807617,0,0.75414204597473145,9.6576690673828125
ECalibratedLiquid-Glass_hurricane-30ml,ECalibratedLiquid,Glass_hurricane,30,30,0,30,30,0,0,0,30,0.22244465351104736,0.24966473877429962,0.00065863132476806641,0.032689996063709259,False,1280,720,0.7019612193107605,7873,7788,5404.4589614067227,7699.0847990820184,7873,0.16200061142444611,0.16200061142444611,0,0.28350996971130371,8.2708663940429688
ECalibratedLiquid-Glass_hurricane-60ml,ECalibratedLiquid,Glass_hurricane,60,60,0,60,60,0,0,0,60,0.37410342693328857,0.40077298879623413,0.0018886327743530273,0.062489047646522522,False,1280,720,0.70196044445037842,15307,15205,10601.745367572177,15103.039292038418,15307,0.3149680495262146,0.3149680495262146,0,0.44227540493011475,9.6617050170898438
ECalibratedLiquid-Glass_hurricane-120ml,ECalibratedLiquid,Glass_hurricane,120,120,0,120,120,0,0,0,120,0.62348681688308716,0.67772889137268066,0.038697481155395508,0.11544427275657654,True,1280,720,0.70196086168289185,30905,30812,21549.690742973238,30699.277491320856,30905,0.63592392206192017,0.63592392206192017,0,0.71444493532180786,13.425922393798828
