case,stage,capacity_ml,queued_ml,generated_ml,cpu_pending_ml,gpu_pending_ml,active_ml,owned_ml,free_ml,other_owner_ml,retired_ml,transferred_ml,active_count,partial_count,conservation_error_ml
E-capacity-highball-direct,initial-queued,400,400,0,400,0,0,0,0,0,0,0,0,0,0
E-capacity-highball-direct,initial-born,400,400,400,0,0,400,400,0,0,0,0,800,0,0
E-capacity-highball-direct,full-settle-0.39999999105930328,400,400,400,0,0,400,365,35,0,0,0,800,0,0
E-capacity-highball-direct,full-settle-0.79999998211860657,400,400,400,0,0,400,394,6,0,0,0,800,0,0
E-capacity-highball-direct,full-settle-1.1999999731779099,400,400,400,0,0,400,394,6,0,0,0,800,0,0
E-capacity-highball-direct,full-settle-1.5999999642372131,400,400,400,0,0,400,394,6,0,0,0,800,0,0
E-capacity-highball-direct,full-settle-1.9999999552965164,400,400,400,0,0,400,394,6,0,0,0,800,0,0
E-capacity-highball-topping,initial-queued,400,200,0,200,0,0,0,0,0,0,0,0,0,0
E-capacity-highball-topping,initial-born,400,200,200,0,0,200,200,0,0,0,0,400,0,0
E-capacity-highball-topping,half-settle-0.39999999105930328,400,200,200,0,0,200,200,0,0,0,0,400,0,0
E-capacity-highball-topping,half-settle-0.79999998211860657,400,200,200,0,0,200,200,0,0,0,0,400,0,0
E-capacity-highball-topping,half-settle-1.1999999731779099,400,200,200,0,0,200,200,0,0,0,0,400,0,0
E-capacity-highball-topping,half-settle-1.5999999642372131,400,200,200,0,0,200,200,0,0,0,0,400,0,0
E-capacity-highball-topping,half-settle-1.9999999552965164,400,200,200,0,0,200,200,0,0,0,0,400,0,0
E-capacity-highball-topping,top-queued,400,399.75,200,199.75,0,200,200,0,0,0,0,400,0,0
E-capacity-highball-topping,quarter-queued,400,400,200,200,0,200,200,0,0,0,0,400,0,0
E-capacity-highball-topping,top-born,400,400,400,0,0,400,400,0,0,0,0,801,2,0
E-capacity-highball-topping,full-settle-0.39999999105930328,400,400,400,0,0,400,300.5,99.5,0,0,0,801,2,0
E-capacity-highball-topping,full-settle-0.79999998211860657,400,400,400,0,0,400,328.5,71.5,0,0,0,801,2,0
E-capacity-highball-topping,full-settle-1.1999999731779099,400,400,400,0,0,400,362.5,37.5,0,0,0,801,2,0
E-capacity-highball-topping,full-settle-1.5999999642372131,400,400,400,0,0,400,362.5,37.5,0,0,0,801,2,0
E-capacity-highball-topping,full-settle-1.9999999552965164,400,400,400,0,0,400,362.5,37.5,0,0,0,801,2,0
E-capacity-hurricane-direct,initial-queued,400,400,0,400,0,0,0,0,0,0,0,0,0,0
E-capacity-hurricane-direct,initial-born,400,400,400,0,0,400,400,0,0,0,0,800,0,0
E-capacity-hurricane-direct,full-settle-0.39999999105930328,400,400,400,0,0,400,369,31,0,0,0,800,0,0
E-capacity-hurricane-direct,full-settle-0.79999998211860657,400,400,400,0,0,400,389.5,10.5,0,0,0,800,0,0
E-capacity-hurricane-direct,full-settle-1.1999999731779099,400,400,400,0,0,400,390.5,9.5,0,0,0,800,0,0
E-capacity-hurricane-direct,full-settle-1.5999999642372131,400,400,400,0,0,400,390.5,9.5,0,0,0,800,0,0
E-capacity-hurricane-direct,full-settle-1.9999999552965164,400,400,400,0,0,398,390.5,7.5,0,2,0,796,0,0
E-capacity-hurricane-topping,initial-queued,400,200,0,200,0,0,0,0,0,0,0,0,0,0
E-capacity-hurricane-topping,initial-born,400,200,200,0,0,200,200,0,0,0,0,400,0,0
E-capacity-hurricane-topping,half-settle-0.39999999105930328,400,200,200,0,0,200,200,0,0,0,0,400,0,0
E-capacity-hurricane-topping,half-settle-0.79999998211860657,400,200,200,0,0,200,200,0,0,0,0,400,0,0
E-capacity-hurricane-topping,half-settle-1.1999999731779099,400,200,200,0,0,200,200,0,0,0,0,400,0,0
E-capacity-hurricane-topping,half-settle-1.5999999642372131,400,200,200,0,0,200,200,0,0,0,0,400,0,0
E-capacity-hurricane-topping,half-settle-1.9999999552965164,400,200,200,0,0,200,200,0,0,0,0,400,0,0
E-capacity-hurricane-topping,top-queued,400,399.75,200,199.75,0,200,200,0,0,0,0,400,0,0
E-capacity-hurricane-topping,quarter-queued,400,400,200,200,0,200,200,0,0,0,0,400,0,0
E-capacity-hurricane-topping,top-born,400,400,400,0,0,400,400,0,0,0,0,801,2,0
E-capacity-hurricane-topping,full-settle-0.39999999105930328,400,400,400,0,0,400,300.5,99.5,0,0,0,801,2,0
E-capacity-hurricane-topping,full-settle-0.79999998211860657,400,400,400,0,0,400,315.5,84.5,0,0,0,801,2,0
E-capacity-hurricane-topping,full-settle-1.1999999731779099,400,400,400,0,0,400,333,67,0,0,0,801,2,0
E-capacity-hurricane-topping,full-settle-1.5999999642372131,400,400,400,0,0,400,333.5,66.5,0,0,0,801,2,0
E-capacity-hurricane-topping,full-settle-1.9999999552965164,400,400,400,0,0,400,333.5,66.5,0,0,0,801,2,0
